ticker_i,ticker_j,corr,pvalue,n_obs,rel_type
AAPL,MSFT,0.15560300648212433,0.00356547930277884,349,unconnected
AAPL,AMZN,0.07917188107967377,0.13992652297019958,349,unconnected
AAPL,WMT,0.15051092207431793,0.004836040083318949,349,downstream
AAPL,JPM,0.13461266458034515,0.011828581802546978,349,unconnected
AAPL,LLY,0.12652690708637238,0.01804225891828537,349,unconnected
AAPL,XOM,0.1074138805270195,0.04493493586778641,349,unconnected
AAPL,JNJ,0.11059407144784927,0.038923632353544235,349,unconnected
AAPL,ORCL,0.1367625892162323,0.010533677414059639,349,unconnected
AAPL,COST,0.24676430225372314,3.0749611141800415e-06,349,unconnected
AAPL,NFLX,0.12316419184207916,0.021368417888879776,349,unconnected
AAPL,BAC,0.14201773703098297,0.007882253266870975,349,unconnected
AAPL,ABBV,0.04714185371994972,0.3799370527267456,349,unconnected
AAPL,CAT,0.13397689163684845,0.012237504124641418,349,unconnected
AAPL,CVX,0.09762149304151535,0.06852644681930542,349,unconnected
AAPL,HD,0.15073883533477783,0.004771424923092127,349,unconnected
AAPL,INTC,0.24859356880187988,2.5831009224930312e-06,349,upstream
AAPL,PG,0.15443667769432068,0.003826325759291649,349,unconnected
AAPL,CSCO,0.12236955016851425,0.02222798764705658,349,upstream
AAPL,KO,0.18444128334522247,0.0005341017968021333,349,unconnected
AAPL,GE,0.11368262767791748,0.03375094756484032,349,unconnected
AAPL,AMAT,0.05235461890697479,0.32944902777671814,349,unconnected
AAPL,MS,0.13692978024482727,0.010438483208417892,349,unconnected
AAPL,UNH,0.16254808008670807,0.00231879367493093,349,unconnected
AAPL,MRK,0.10360222309827805,0.05314865708351135,349,unconnected
AAPL,GS,0.12338197976350784,0.021137923002243042,349,unconnected
AAPL,RTX,0.14543521404266357,0.006494866218417883,349,unconnected
AAPL,WFC,0.155002161860466,0.0036977925337851048,349,unconnected
AAPL,PM,0.06811506301164627,0.20429667830467224,349,unconnected
AAPL,IBM,0.15634799003601074,0.003407418495044112,349,upstream
AAPL,AXP,0.17662447690963745,0.000920137797947973,349,unconnected
AAPL,C,0.14621610939502716,0.006210316903889179,349,unconnected
AAPL,MCD,0.15691621601581573,0.0032911438029259443,349,downstream
AAPL,PEP,0.16504019498825073,0.0019788742065429688,349,unconnected
AAPL,TXN,0.0594644695520401,0.2679123878479004,349,upstream
AAPL,VZ,0.12421458959579468,0.02027645893394947,349,downstream
AAPL,AMGN,0.19065116345882416,0.0003412511432543397,349,unconnected
AAPL,NEE,0.09532900154590607,0.07531243562698364,349,unconnected
AAPL,T,0.10612650960683823,0.04758087918162346,349,unconnected
AAPL,BA,0.12511761486530304,0.019376857206225395,349,unconnected
AAPL,TJX,0.1317039132118225,0.013803412206470966,349,unconnected
AAPL,GILD,0.0809420496225357,0.13125422596931458,349,unconnected
AAPL,ABT,0.1529989242553711,0.004171576350927353,349,unconnected
AAPL,SCHW,0.1589706391096115,0.002900205086916685,349,unconnected
AAPL,DE,0.13381925225257874,0.012340860441327095,349,unconnected
AAPL,ETN,0.009257232770323753,0.86318439245224,349,upstream
AAPL,PFE,0.14814305305480957,0.00555544113740325,349,unconnected
AAPL,UNP,0.11475684493780136,0.03209477290511131,349,unconnected
AAPL,WELL,0.06805364787578583,0.2047065645456314,349,unconnected
AAPL,HON,0.18047459423542023,0.0007058306946419179,349,unconnected
MSFT,AMZN,0.09788785129785538,0.06777127832174301,349,unconnected
MSFT,WMT,0.1349819302558899,0.011596689000725746,349,unconnected
MSFT,JPM,0.09279894083738327,0.08342587202787399,349,unconnected
MSFT,LLY,0.08502935618162155,0.1128179058432579,349,unconnected
MSFT,XOM,0.08178068697452545,0.12729322910308838,349,downstream
MSFT,JNJ,0.1353510618209839,0.011368823237717152,349,unconnected
MSFT,ORCL,0.07644573599100113,0.15413232147693634,349,unconnected
MSFT,COST,0.2216426581144333,2.9427990739350207e-05,349,unconnected
MSFT,NFLX,0.040312305092811584,0.45283374190330505,349,downstream
MSFT,BAC,0.09439796209335327,0.07822006195783615,349,downstream
MSFT,ABBV,0.0927482470870018,0.08359526842832565,349,unconnected
MSFT,CAT,0.11226562410593033,0.036046579480171204,349,upstream
MSFT,CVX,0.12154857814311981,0.02314733900129795,349,unconnected
MSFT,HD,0.13714924454689026,0.010314639657735825,349,unconnected
MSFT,INTC,0.09932266920804977,0.06382084637880325,349,bidirectional
MSFT,PG,0.14300574362277985,0.007456245832145214,349,unconnected
MSFT,CSCO,0.17397721111774445,0.0011007426073774695,349,unconnected
MSFT,KO,0.24554412066936493,3.4514994240453234e-06,349,unconnected
MSFT,GE,0.09591694921255112,0.07352196425199509,349,bidirectional
MSFT,AMAT,0.0011852537281811237,0.9823970794677734,349,unconnected
MSFT,MS,0.09284292161464691,0.08327902108430862,349,unconnected
MSFT,UNH,0.1847057342529297,0.0005241615581326187,349,unconnected
MSFT,MRK,0.08449865132570267,0.11509013175964355,349,unconnected
MSFT,GS,0.09657178819179535,0.0715687945485115,349,unconnected
MSFT,RTX,0.029179038479924202,0.586943507194519,349,unconnected
MSFT,WFC,0.10031552612781525,0.061199553310871124,349,unconnected
MSFT,PM,0.19393716752529144,0.00026769295800477266,349,unconnected
MSFT,IBM,0.14886237680912018,0.005327344872057438,349,bidirectional
MSFT,AXP,0.17046304047107697,0.0013909863773733377,349,upstream
MSFT,C,0.10042186081409454,0.060924164950847626,349,unconnected
MSFT,MCD,0.1549408733844757,0.003711530240252614,349,downstream
MSFT,PEP,0.1335381418466568,0.012526982463896275,349,unconnected
MSFT,TXN,0.11067898571491241,0.038772787898778915,349,bidirectional
MSFT,VZ,0.05758906900882721,0.2833234965801239,349,downstream
MSFT,AMGN,0.16975432634353638,0.0014574428787454963,349,unconnected
MSFT,NEE,0.12207388132810593,0.022555336356163025,349,unconnected
MSFT,T,0.11187352240085602,0.036704692989587784,349,unconnected
MSFT,BA,0.0866120234131813,0.10625066608190536,349,downstream
MSFT,TJX,0.15857848525047302,0.0029713890980929136,349,unconnected
MSFT,GILD,0.009326200000941753,0.8621744513511658,349,unconnected
MSFT,ABT,0.1446612924337387,0.006788316648453474,349,unconnected
MSFT,SCHW,0.10251005738973618,0.0557200089097023,349,unconnected
MSFT,DE,0.12965674698352814,0.015361678786575794,349,unconnected
MSFT,ETN,0.10153031349182129,0.05811397358775139,349,unconnected
MSFT,PFE,0.12398218363523483,0.020513828843832016,349,unconnected
MSFT,UNP,0.11572989821434021,0.030654819682240486,349,unconnected
MSFT,WELL,0.030459601432085037,0.5706304311752319,349,unconnected
MSFT,HON,0.08476541191339493,0.11394345015287399,349,unconnected
AMZN,WMT,0.326345831155777,4.194469493956632e-10,349,unconnected
AMZN,JPM,0.25512808561325073,1.3705673609365476e-06,349,unconnected
AMZN,LLY,0.1840820163488388,0.0005478898528963327,349,unconnected
AMZN,XOM,0.14080454409122467,0.008434963412582874,349,unconnected
AMZN,JNJ,0.2645934820175171,5.305041668179911e-07,349,unconnected
AMZN,ORCL,0.12632417678833008,0.018229208886623383,349,downstream
AMZN,COST,0.131333127617836,0.014074869453907013,349,unconnected
AMZN,NFLX,0.18033024668693542,0.0007129518780857325,349,unconnected
AMZN,BAC,0.2676127552986145,3.8886406628080294e-07,349,unconnected
AMZN,ABBV,0.20336788892745972,0.00013042736100032926,349,unconnected
AMZN,CAT,0.22500130534172058,2.2072952560847625e-05,349,unconnected
AMZN,CVX,0.20916344225406647,8.246827928815037e-05,349,unconnected
AMZN,HD,0.29671016335487366,1.5963580679567713e-08,349,unconnected
AMZN,INTC,-0.04074595496058464,0.4479830265045166,349,unconnected
AMZN,PG,0.24870257079601288,2.556312438173336e-06,349,unconnected
AMZN,CSCO,0.19813528656959534,0.00019516835163813084,349,unconnected
AMZN,KO,0.209689661860466,7.905667007435113e-05,349,unconnected
AMZN,GE,0.24181820452213287,4.8930633056443185e-06,349,unconnected
AMZN,AMAT,-0.035014186054468155,0.5144194960594177,349,unconnected
AMZN,MS,0.25991424918174744,8.520791539012862e-07,349,unconnected
AMZN,UNH,0.28207263350486755,8.328026268600297e-08,349,unconnected
AMZN,MRK,0.05602605268359184,0.2966154217720032,349,unconnected
AMZN,GS,0.2683945298194885,3.585910235415213e-07,349,unconnected
AMZN,RTX,0.06977380812168121,0.19346699118614197,349,unconnected
AMZN,WFC,0.2703412175178528,2.927296804955404e-07,349,unconnected
AMZN,PM,0.13165216147899628,0.013841015286743641,349,unconnected
AMZN,IBM,0.36782974004745483,1.2719220208318172e-12,349,unconnected
AMZN,AXP,0.34097418189048767,5.980784617554136e-11,349,unconnected
AMZN,C,0.2516199052333832,1.9302317468827823e-06,349,unconnected
AMZN,MCD,0.27220022678375244,2.4079767513285333e-07,349,downstream
AMZN,PEP,0.2217010259628296,2.9282266041263938e-05,349,unconnected
AMZN,TXN,-0.0035448626149445772,0.9473896622657776,349,unconnected
AMZN,VZ,0.23694463074207306,7.659396942472085e-06,349,unconnected
AMZN,AMGN,0.3113156855106354,2.792953868180348e-09,349,unconnected
AMZN,NEE,0.12102125585079193,0.02375495247542858,349,unconnected
AMZN,T,0.2548767030239105,1.4048511047803913e-06,349,upstream
AMZN,BA,0.18016894161701202,0.0007209866307675838,349,unconnected
AMZN,TJX,0.1804060935974121,0.0007092036539688706,349,unconnected
AMZN,GILD,0.157811239361763,0.0031152935698628426,349,unconnected
AMZN,ABT,0.1403237134218216,0.00866337213665247,349,unconnected
AMZN,SCHW,0.03697248920798302,0.49116238951683044,349,unconnected
AMZN,DE,0.2445731908082962,3.7821291698492132e-06,349,unconnected
AMZN,ETN,0.07409525662660599,0.16723386943340302,349,unconnected
AMZN,PFE,0.2291930466890335,1.532161513750907e-05,349,unconnected
AMZN,UNP,0.2678435146808624,3.796806424816168e-07,349,unconnected
AMZN,WELL,0.1136000007390976,0.033881280571222305,349,unconnected
AMZN,HON,0.25557494163513184,1.3116076615915517e-06,349,unconnected
WMT,JPM,0.53436279296875,3.6758356696473115e-27,349,unconnected
WMT,LLY,0.4240637421607971,1.1504077234807786e-16,349,unconnected
WMT,XOM,0.13243745267391205,0.013279792852699757,349,unconnected
WMT,JNJ,0.6267573833465576,1.7275936143397794e-39,349,unconnected
WMT,ORCL,0.08844447880983353,0.09902774542570114,349,upstream
WMT,COST,0.3059085011482239,5.3854307680012425e-09,349,unconnected
WMT,NFLX,0.31448453664779663,1.8890669029048013e-09,349,unconnected
WMT,BAC,0.5505375862121582,4.773530515547997e-29,349,unconnected
WMT,ABBV,0.3737506866455078,5.178466704926221e-13,349,unconnected
WMT,CAT,0.6358963251113892,6.101533773363118e-41,349,downstream
WMT,CVX,0.3142929971218109,1.9345061108566597e-09,349,unconnected
WMT,HD,0.728824257850647,0.0,349,unconnected
WMT,INTC,0.06623280793428421,0.21711070835590363,349,unconnected
WMT,PG,0.7049735188484192,0.0,349,unconnected
WMT,CSCO,0.5780864357948303,1.655766518548131e-32,349,unconnected
WMT,KO,0.4011707603931427,6.3116427130593695e-15,349,unconnected
WMT,GE,0.3338928818702698,1.555363338123783e-10,349,upstream
WMT,AMAT,0.1237386018037796,0.02076510526239872,349,unconnected
WMT,MS,0.553158164024353,2.3091122138061358e-29,349,unconnected
WMT,UNH,0.6889479756355286,0.0,349,unconnected
WMT,MRK,0.20603805780410767,0.00010576284694252536,349,upstream
WMT,GS,0.5464043617248535,1.481401720580843e-28,349,unconnected
WMT,RTX,0.271191269159317,2.6777073003358964e-07,349,unconnected
WMT,WFC,0.538421630859375,1.263299976621705e-27,349,unconnected
WMT,PM,0.32577916979789734,4.513867890576506e-10,349,unconnected
WMT,IBM,0.5781437754631042,1.6271881937645273e-32,349,unconnected
WMT,AXP,0.6024975776672363,7.364572552975554e-36,349,unconnected
WMT,C,0.5365419983863831,2.0753957821742905e-27,349,unconnected
WMT,MCD,0.6480087637901306,6.081635335169706e-43,349,unconnected
WMT,PEP,0.3682016432285309,1.2027841830158925e-12,349,upstream
WMT,TXN,0.1572842299938202,0.0032177790999412537,349,unconnected
WMT,VZ,0.49193280935287476,1.144335260630042e-22,349,unconnected
WMT,AMGN,0.698174238204956,0.0,349,unconnected
WMT,NEE,0.17668303847312927,0.0009164729272015393,349,unconnected
WMT,T,0.35597658157348633,7.278516331310492e-12,349,unconnected
WMT,BA,0.250481516122818,2.1547541564359562e-06,349,unconnected
WMT,TJX,0.38846108317375183,5.1233207943018194e-14,349,unconnected
WMT,GILD,0.26635506749153137,4.4278041855250194e-07,349,unconnected
WMT,ABT,0.30729493498802185,4.556705679448214e-09,349,unconnected
WMT,SCHW,0.12187395244836807,0.02277904935181141,349,unconnected
WMT,DE,0.6829967498779297,0.0,349,unconnected
WMT,ETN,0.16033197939395905,0.0026649103965610266,349,unconnected
WMT,PFE,0.6744999289512634,0.0,349,unconnected
WMT,UNP,0.6909452676773071,0.0,349,unconnected
WMT,WELL,0.2514464855194092,1.9629312646429753e-06,349,unconnected
WMT,HON,0.7150099277496338,0.0,349,unconnected
JPM,LLY,0.5293536186218262,1.3465867978074316e-26,349,unconnected
JPM,XOM,0.2145279049873352,5.3343748732004315e-05,349,unconnected
JPM,JNJ,0.5031815767288208,8.470839676222064e-24,349,unconnected
JPM,ORCL,0.05164128541946411,0.3360905051231384,349,upstream
JPM,COST,0.20044584572315216,0.00016355501429643482,349,unconnected
JPM,NFLX,0.6041867136955261,4.211637197047051e-36,349,unconnected
JPM,BAC,0.9638557434082031,0.0,349,unconnected
JPM,ABBV,0.451824814081192,5.83981240656312e-19,349,unconnected
JPM,CAT,0.6207367181777954,1.472089540405271e-38,349,unconnected
JPM,CVX,0.5433496236801147,3.3869875854830305e-28,349,unconnected
JPM,HD,0.5459860563278198,1.6598540558853895e-28,349,unconnected
JPM,INTC,0.0467863529920578,0.3835456371307373,349,unconnected
JPM,PG,0.6421700119972229,5.753731494517699e-42,349,unconnected
JPM,CSCO,0.5433906316757202,3.349782952299844e-28,349,unconnected
JPM,KO,0.428190141916275,5.407377271571423e-17,349,unconnected
JPM,GE,0.7354903817176819,0.0,349,unconnected
JPM,AMAT,0.11421545594930649,0.03292050585150719,349,unconnected
JPM,MS,0.9510542154312134,0.0,349,unconnected
JPM,UNH,0.515483021736145,4.391345098560886e-25,349,unconnected
JPM,MRK,0.26230695843696594,6.694920102745527e-07,349,unconnected
JPM,GS,0.9430491924285889,0.0,349,unconnected
JPM,RTX,0.1883910745382309,0.0004023379588034004,349,unconnected
JPM,WFC,0.9658969044685364,0.0,349,unconnected
JPM,PM,0.2513304054737091,1.985116341529647e-06,349,unconnected
JPM,IBM,0.5844537019729614,2.3546005917084688e-33,349,upstream
JPM,AXP,0.6577306389808655,1.401298464324817e-44,349,unconnected
JPM,C,0.9714584946632385,0.0,349,unconnected
JPM,MCD,0.5482340455055237,8.990805518614565e-29,349,unconnected
JPM,PEP,0.2742936909198761,1.9292308195417718e-07,349,unconnected
JPM,TXN,0.17685352265834808,0.0009058756986632943,349,unconnected
JPM,VZ,0.7466592192649841,0.0,349,downstream
JPM,AMGN,0.48767849802970886,2.988063240231998e-22,349,unconnected
JPM,NEE,0.2781352400779724,1.2782489022811205e-07,349,unconnected
JPM,T,0.60745769739151,1.4137305152510017e-36,349,unconnected
JPM,BA,0.710244357585907,0.0,349,unconnected
JPM,TJX,0.4787466824054718,2.1469109291708707e-21,349,unconnected
JPM,GILD,0.5201207399368286,1.3941549871327421e-25,349,unconnected
JPM,ABT,0.3040085732936859,6.761495363605263e-09,349,unconnected
JPM,SCHW,0.12835721671581268,0.016429157927632332,349,downstream
JPM,DE,0.638247549533844,2.534668662270729e-41,349,unconnected
JPM,ETN,0.1254313588142395,0.019072631374001503,349,unconnected
JPM,PFE,0.5619235038757324,1.9409495648461105e-30,349,unconnected
JPM,UNP,0.646719753742218,1.003329700456569e-42,349,unconnected
JPM,WELL,0.2843049466609955,6.512636474553801e-08,349,unconnected
JPM,HON,0.6655153632164001,0.0,349,unconnected
LLY,XOM,0.1560676097869873,0.003466148627921939,349,unconnected
LLY,JNJ,0.4824623167514801,9.518988905797455e-22,349,unconnected
LLY,ORCL,0.14273498952388763,0.007570882327854633,349,unconnected
LLY,COST,0.2163909673690796,4.573559999698773e-05,349,unconnected
LLY,NFLX,0.3475855886936188,2.3968303036747685e-11,349,unconnected
LLY,BAC,0.4924517273902893,1.0170031393255286e-22,349,unconnected
LLY,ABBV,0.3267066478729248,4.002623787968673e-10,349,unconnected
LLY,CAT,0.4305572211742401,3.4903650261561e-17,349,unconnected
LLY,CVX,0.31443163752555847,1.901516721858343e-09,349,unconnected
LLY,HD,0.4193126857280731,2.709038740726031e-16,349,unconnected
LLY,INTC,0.048961490392684937,0.36179912090301514,349,unconnected
LLY,PG,0.560815691947937,2.6650157168170287e-30,349,unconnected
LLY,CSCO,0.41522306203842163,5.601706812878506e-16,349,unconnected
LLY,KO,0.37776583433151245,2.786012794162712e-13,349,unconnected
LLY,GE,0.3771853446960449,3.0488686662138997e-13,349,unconnected
LLY,AMAT,0.12035169452428818,0.024546410888433456,349,unconnected
LLY,MS,0.5135329961776733,7.076892381374525e-25,349,unconnected
LLY,UNH,0.4933716952800751,8.24617067046549e-23,349,unconnected
LLY,MRK,0.12666963040828705,0.017911706119775772,349,unconnected
LLY,GS,0.5024686455726624,1.0019329456960218e-23,349,unconnected
LLY,RTX,0.1823064684867859,0.0006210027495399117,349,unconnected
LLY,WFC,0.5167921185493469,3.182180582152316e-25,349,unconnected
LLY,PM,0.21513839066028595,5.072775456937961e-05,349,unconnected
LLY,IBM,0.3893023729324341,4.4725904430791344e-14,349,unconnected
LLY,AXP,0.37790876626968384,2.7248277419122946e-13,349,unconnected
LLY,C,0.5132394433021545,7.60206765434023e-25,349,unconnected
LLY,MCD,0.40312764048576355,4.535445115853203e-15,349,unconnected
LLY,PEP,0.22979813814163208,1.4526930499414448e-05,349,unconnected
LLY,TXN,0.15288867056369781,0.004199182614684105,349,unconnected
LLY,VZ,0.4112064838409424,1.1324901443799328e-15,349,unconnected
LLY,AMGN,0.4624634385108948,6.76036813934146e-20,349,unconnected
LLY,NEE,0.15811100602149963,0.0030583457555621862,349,unconnected
LLY,T,0.2538844048976898,1.5483537936233915e-06,349,unconnected
LLY,BA,0.3762880861759186,3.503513397364738e-13,349,unconnected
LLY,TJX,0.2790505886077881,1.1577599678957995e-07,349,unconnected
LLY,GILD,0.19441401958465576,0.00025834073312580585,349,unconnected
LLY,ABT,0.3834562599658966,1.140365877899327e-13,349,unconnected
LLY,SCHW,0.11549752950668335,0.0309935063123703,349,unconnected
LLY,DE,0.46993523836135864,1.420536652982921e-20,349,unconnected
LLY,ETN,0.07888402044773102,0.1413775384426117,349,unconnected
LLY,PFE,0.5345618724822998,3.489402569542716e-27,349,unconnected
LLY,UNP,0.5337510704994202,4.312496879525211e-27,349,unconnected
LLY,WELL,0.23336146771907806,1.0584355550236069e-05,349,unconnected
LLY,HON,0.5381324887275696,1.3638451715948822e-27,349,unconnected
XOM,JNJ,0.09159494191408157,0.08752710372209549,349,unconnected
XOM,ORCL,0.08552974462509155,0.11070770770311356,349,unconnected
XOM,COST,0.0829787403345108,0.12179607897996902,349,unconnected
XOM,NFLX,0.2276943325996399,1.7471933460910805e-05,349,unconnected
XOM,BAC,0.2003493309020996,0.0001647738681640476,349,unconnected
XOM,ABBV,0.137638121843338,0.010043436661362648,349,unconnected
XOM,CAT,0.17478351294994354,0.0010425524087622762,349,downstream
XOM,CVX,0.38320422172546387,1.1868205528585418e-13,349,unconnected
XOM,HD,0.17591963708400726,0.0009653482120484114,349,unconnected
XOM,INTC,0.05314689502120018,0.32217279076576233,349,unconnected
XOM,PG,0.1673799753189087,0.0017018427606672049,349,unconnected
XOM,CSCO,0.07363063097000122,0.16991986334323883,349,unconnected
XOM,KO,0.24430032074451447,3.880368694808567e-06,349,unconnected
XOM,GE,0.23219181597232819,1.17500903797918e-05,349,unconnected
XOM,AMAT,0.16324082016944885,0.002219329122453928,349,unconnected
XOM,MS,0.2323959767818451,1.1538148100953549e-05,349,unconnected
XOM,UNH,0.1234593465924263,0.021056564524769783,349,unconnected
XOM,MRK,0.007404807955026627,0.890367865562439,349,unconnected
XOM,GS,0.2307359129190445,1.3371942259254865e-05,349,unconnected
XOM,RTX,0.08750779181718826,0.10266923159360886,349,unconnected
XOM,WFC,0.22676709294319153,1.894236083899159e-05,349,unconnected
XOM,PM,0.06652388721704483,0.21509218215942383,349,unconnected
XOM,IBM,0.26027241349220276,8.219967639888637e-07,349,unconnected
XOM,AXP,0.3290451467037201,2.9507227217173693e-10,349,unconnected
XOM,C,0.22010166943073273,3.3529438951518387e-05,349,upstream
XOM,MCD,0.2698309123516083,3.087684490310494e-07,349,unconnected
XOM,PEP,0.15679509937763214,0.0033156194258481264,349,unconnected
XOM,TXN,0.05315640568733215,0.32208582758903503,349,unconnected
XOM,VZ,0.23467998206615448,9.402311661688145e-06,349,unconnected
XOM,AMGN,0.17060048878192902,0.0013784263283014297,349,unconnected
XOM,NEE,0.06305006891489029,0.24006862938404083,349,unconnected
XOM,T,0.3015342950820923,9.071669637705781e-09,349,unconnected
XOM,BA,0.3031567335128784,7.483831332422142e-09,349,unconnected
XOM,TJX,0.08899439871311188,0.09693804383277893,349,unconnected
XOM,GILD,0.2648855745792389,5.148877448846179e-07,349,unconnected
XOM,ABT,0.23508140444755554,9.06804962141905e-06,349,unconnected
XOM,SCHW,0.0267295241355896,0.6187326312065125,349,unconnected
XOM,DE,0.19323620200157166,0.0002820157678797841,349,unconnected
XOM,ETN,0.08475818485021591,0.11397458612918854,349,unconnected
XOM,PFE,0.11014047265052795,0.039737049490213394,349,unconnected
XOM,UNP,0.0716889426112175,0.1814923882484436,349,unconnected
XOM,WELL,0.0849582701921463,0.11312003433704376,349,unconnected
XOM,HON,0.1795741766691208,0.000751349376514554,349,upstream
JNJ,ORCL,0.07404676079750061,0.16751281917095184,349,unconnected
JNJ,COST,0.28704309463500977,4.8027942511907895e-08,349,unconnected
JNJ,NFLX,0.2638992965221405,5.694660103472415e-07,349,unconnected
JNJ,BAC,0.4789925515651703,2.0350163740194257e-21,349,unconnected
JNJ,ABBV,0.39987513422966003,7.845865443608085e-15,349,unconnected
JNJ,CAT,0.47451353073120117,5.358198127131484e-21,349,unconnected
JNJ,CVX,0.20662125945091248,0.00010099280916620046,349,unconnected
JNJ,HD,0.640492856502533,1.087687868008923e-41,349,unconnected
JNJ,INTC,0.0315721370279789,0.5566355586051941,349,unconnected
JNJ,PG,0.7229081392288208,0.0,349,unconnected
JNJ,CSCO,0.6420479416847229,6.028385993525363e-42,349,unconnected
JNJ,KO,0.3611065745353699,3.451448762209486e-12,349,unconnected
JNJ,GE,0.3042106628417969,6.600335833439885e-09,349,unconnected
JNJ,AMAT,0.10817206650972366,0.043435242027044296,349,unconnected
JNJ,MS,0.5017563700675964,1.1843905566168527e-23,349,unconnected
JNJ,UNH,0.7750349044799805,0.0,349,unconnected
JNJ,MRK,0.1324005275964737,0.013305745087563992,349,unconnected
JNJ,GS,0.48854655027389526,2.4592808140024702e-22,349,unconnected
JNJ,RTX,0.2051927149295807,0.00011305253428872675,349,unconnected
JNJ,WFC,0.5163153409957886,3.578763392438911e-25,349,unconnected
JNJ,PM,0.3261722922325134,4.289836263993152e-10,349,unconnected
JNJ,IBM,0.5465854406356812,1.4101586830430426e-28,349,unconnected
JNJ,AXP,0.4679572582244873,2.154883851676631e-20,349,upstream
JNJ,C,0.48794880509376526,2.812444879810034e-22,349,unconnected
JNJ,MCD,0.5155655145645142,4.303293430396248e-25,349,unconnected
JNJ,PEP,0.22460807859897614,2.2834070477983914e-05,349,unconnected
JNJ,TXN,0.1949763000011444,0.0002477042726241052,349,unconnected
JNJ,VZ,0.3878070116043091,5.692503217934186e-14,349,unconnected
JNJ,AMGN,0.640386700630188,1.1322491591744522e-41,349,unconnected
JNJ,NEE,0.0846661701798439,0.11436920613050461,349,unconnected
JNJ,T,0.19351789355278015,0.0002761759969871491,349,unconnected
JNJ,BA,0.16035716235637665,0.0026607313193380833,349,unconnected
JNJ,TJX,0.32600924372673035,4.381420504184774e-10,349,unconnected
JNJ,GILD,0.1641431450843811,0.0020956124644726515,349,unconnected
JNJ,ABT,0.2581789791584015,1.0134373269465868e-06,349,unconnected
JNJ,SCHW,0.20202580094337463,0.0001447740796720609,349,unconnected
JNJ,DE,0.5667335391044617,4.832214654196414e-31,349,unconnected
JNJ,ETN,0.13622155785560608,0.010847164317965508,349,unconnected
JNJ,PFE,0.7465196251869202,0.0,349,unconnected
JNJ,UNP,0.6909655332565308,0.0,349,unconnected
JNJ,WELL,0.21024678647518158,7.558916695415974e-05,349,unconnected
JNJ,HON,0.6970645189285278,0.0,349,unconnected
ORCL,COST,0.2075519859790802,9.379850962432101e-05,349,unconnected
ORCL,NFLX,0.030822884291410446,0.5660426616668701,349,unconnected
ORCL,BAC,0.09125064313411713,0.088729128241539,349,downstream
ORCL,ABBV,0.06044120341539383,0.26011693477630615,349,unconnected
ORCL,CAT,0.08584332466125488,0.10940158367156982,349,unconnected
ORCL,CVX,0.11040739715099335,0.039256684482097626,349,unconnected
ORCL,HD,0.11642906814813614,0.02965465933084488,349,unconnected
ORCL,INTC,0.056586332619190216,0.29180359840393066,349,upstream
ORCL,PG,0.08376777917146683,0.11827776581048965,349,unconnected
ORCL,CSCO,0.1438037008047104,0.0071273078210651875,349,unconnected
ORCL,KO,0.2027898132801056,0.0001364356721751392,349,unconnected
ORCL,GE,0.013701051473617554,0.7986837029457092,349,unconnected
ORCL,AMAT,0.02260305918753147,0.6739022731781006,349,unconnected
ORCL,MS,0.09797543287277222,0.06752442568540573,349,unconnected
ORCL,UNH,0.11254876852035522,0.03557741269469261,349,unconnected
ORCL,MRK,-0.034866586327552795,0.5161949396133423,349,unconnected
ORCL,GS,0.07794792205095291,0.14617490768432617,349,unconnected
ORCL,RTX,0.21893171966075897,3.699880471685901e-05,349,unconnected
ORCL,WFC,0.07592035830020905,0.15699109435081482,349,unconnected
ORCL,PM,0.14326781034469604,0.007346723228693008,349,unconnected
ORCL,IBM,0.18371225893497467,0.000562424655072391,349,bidirectional
ORCL,AXP,0.16182708740234375,0.00242661708034575,349,upstream
ORCL,C,0.0761147066950798,0.1559291034936905,349,unconnected
ORCL,MCD,0.06149308383464813,0.2518994212150574,349,unconnected
ORCL,PEP,0.12042542546987534,0.024458089843392372,349,unconnected
ORCL,TXN,0.10409242659807205,0.05202673003077507,349,unconnected
ORCL,VZ,0.0664430633187294,0.2156512588262558,349,downstream
ORCL,AMGN,0.14495287835597992,0.006676387973129749,349,unconnected
ORCL,NEE,0.15515896677970886,0.0036628288216888905,349,unconnected
ORCL,T,0.05493665486574173,0.306122362613678,349,unconnected
ORCL,BA,0.003051835810765624,0.9546970725059509,349,unconnected
ORCL,TJX,0.14286944270133972,0.007513747550547123,349,unconnected
ORCL,GILD,0.04765648767352104,0.37475165724754333,349,unconnected
ORCL,ABT,0.08407743275165558,0.11691869050264359,349,unconnected
ORCL,SCHW,0.04940081387758255,0.35750260949134827,349,unconnected
ORCL,DE,0.09906797111034393,0.06450808793306351,349,unconnected
ORCL,ETN,0.1249915063381195,0.019500380381941795,349,unconnected
ORCL,PFE,0.09721624106168747,0.0696881040930748,349,downstream
ORCL,UNP,0.11018158495426178,0.03966270759701729,349,unconnected
ORCL,WELL,0.13961809873580933,0.009008563123643398,349,unconnected
ORCL,HON,0.11612871289253235,0.030080920085310936,349,unconnected
COST,NFLX,0.19048644602298737,0.0003453940444160253,349,unconnected
COST,BAC,0.21384215354919434,5.643305848934688e-05,349,unconnected
COST,ABBV,0.13942919671535492,0.009103051386773586,349,unconnected
COST,CAT,0.26150327920913696,7.261755854415242e-07,349,unconnected
COST,CVX,0.1398792266845703,0.008879444561898708,349,unconnected
COST,HD,0.23360276222229004,1.0357977771491278e-05,349,unconnected
COST,INTC,0.2585572898387909,9.759351087268442e-07,349,unconnected
COST,PG,0.32155030965805054,7.768730103663302e-10,349,upstream
COST,CSCO,0.30675646662712097,4.862716451725646e-09,349,unconnected
COST,KO,0.3669115900993347,1.45970648762761e-12,349,unconnected
COST,GE,0.1709132194519043,0.0013502399669960141,349,unconnected
COST,AMAT,0.03519948199391365,0.5121939182281494,349,unconnected
COST,MS,0.21752209961414337,4.162914410699159e-05,349,unconnected
COST,UNH,0.3333658277988434,1.6684092996044342e-10,349,unconnected
COST,MRK,0.33704590797424316,1.0193363514376941e-10,349,unconnected
COST,GS,0.2239571213722229,2.4148908778443e-05,349,unconnected
COST,RTX,0.10347036272287369,0.05345375835895538,349,unconnected
COST,WFC,0.19688577950000763,0.00021455972455441952,349,unconnected
COST,PM,0.3184730112552643,1.1472545136115286e-09,349,unconnected
COST,IBM,0.2312333732843399,1.2795242582797073e-05,349,unconnected
COST,AXP,0.261306494474411,7.407336966025468e-07,349,upstream
COST,C,0.21068957448005676,7.293649832718074e-05,349,unconnected
COST,MCD,0.27406221628189087,1.9772876669321704e-07,349,unconnected
COST,PEP,0.2300979346036911,1.4147768524708226e-05,349,unconnected
COST,TXN,0.222153902053833,2.8175400075269863e-05,349,unconnected
COST,VZ,0.18976247310638428,0.000364160630851984,349,upstream
COST,AMGN,0.3695448040962219,9.823009376394576e-13,349,unconnected
COST,NEE,0.013291076757013798,0.8045841455459595,349,unconnected
COST,T,0.16220521926879883,0.0023695100098848343,349,unconnected
COST,BA,0.10895509272813797,0.04193069040775299,349,unconnected
COST,TJX,0.2876301109790802,4.4973376134294085e-08,349,unconnected
COST,GILD,0.026643158867955208,0.6198678612709045,349,unconnected
COST,ABT,0.36064428091049194,3.693525953835097e-12,349,unconnected
COST,SCHW,0.23475033044815063,9.342921657662373e-06,349,unconnected
COST,DE,0.291189044713974,3.009684590438155e-08,349,unconnected
COST,ETN,-0.046405814588069916,0.3874301016330719,349,unconnected
COST,PFE,0.3171807527542114,1.3495348172298804e-09,349,unconnected
COST,UNP,0.27585309743881226,1.6335921770860296e-07,349,unconnected
COST,WELL,0.18249142169952393,0.0006129876710474491,349,unconnected
COST,HON,0.27904054522514343,1.1590169179953591e-07,349,unconnected
NFLX,BAC,0.5833386778831482,3.3234909737851926e-33,349,unconnected
NFLX,ABBV,0.36866438388824463,1.1218463224355046e-12,349,unconnected
NFLX,CAT,0.27561283111572266,1.6761219967520447e-07,349,unconnected
NFLX,CVX,0.531546413898468,7.648142831957772e-27,349,unconnected
NFLX,HD,0.3186657130718231,1.1197235361137814e-09,349,unconnected
NFLX,INTC,0.053174376487731934,0.32192176580429077,349,unconnected
NFLX,PG,0.3642863631248474,2.158819564085368e-12,349,unconnected
NFLX,CSCO,0.3424343466758728,4.8961192739005455e-11,349,unconnected
NFLX,KO,0.3416282534599304,5.468700492450296e-11,349,unconnected
NFLX,GE,0.6766371130943298,0.0,349,unconnected
NFLX,AMAT,0.04782307893037796,0.3730830252170563,349,unconnected
NFLX,MS,0.5738013386726379,6.007790584326649e-32,349,unconnected
NFLX,UNH,0.24641281366348267,3.1792151276022196e-06,349,unconnected
NFLX,MRK,0.3504938781261444,1.5920983281736412e-11,349,unconnected
NFLX,GS,0.58716881275177,1.0115926020932435e-33,349,unconnected
NFLX,RTX,0.12812648713588715,0.016625257208943367,349,unconnected
NFLX,WFC,0.6483581066131592,5.2969081951478085e-43,349,unconnected
NFLX,PM,0.286186158657074,5.2849031817459036e-08,349,unconnected
NFLX,IBM,0.3683997392654419,1.1674568646882766e-12,349,unconnected
NFLX,AXP,0.47986045479774475,1.6841700194167248e-21,349,unconnected
NFLX,C,0.596889317035675,4.5989075560917816e-35,349,unconnected
NFLX,MCD,0.4151226580142975,5.701895458066521e-16,349,unconnected
NFLX,PEP,0.22117041051387787,3.0631439585704356e-05,349,unconnected
NFLX,TXN,0.1843055933713913,0.0005392740713432431,349,unconnected
NFLX,VZ,0.6234124898910522,5.713441361071432e-39,349,unconnected
NFLX,AMGN,0.3185008466243744,1.1432301771918674e-09,349,unconnected
NFLX,NEE,0.10634934902191162,0.047113824635744095,349,unconnected
NFLX,T,0.6702634692192078,0.0,349,unconnected
NFLX,BA,0.7080579996109009,0.0,349,unconnected
NFLX,TJX,0.35969528555870056,4.24353911385178e-12,349,unconnected
NFLX,GILD,0.31450188159942627,1.885018363623203e-09,349,unconnected
NFLX,ABT,0.24427296221256256,3.89037359127542e-06,349,unconnected
NFLX,SCHW,0.1902667135000229,0.00035099178785458207,349,unconnected
NFLX,DE,0.3079478144645691,4.21062917865811e-09,349,unconnected
NFLX,ETN,0.237314373254776,7.405882115563145e-06,349,unconnected
NFLX,PFE,0.3156604468822479,1.6320140794334748e-09,349,unconnected
NFLX,UNP,0.35190877318382263,1.3027868714377e-11,349,unconnected
NFLX,WELL,0.19356846809387207,0.0002751401625573635,349,unconnected
NFLX,HON,0.44545212388038635,2.050418197528589e-18,349,unconnected
BAC,ABBV,0.4479266405105591,1.2629965381058054e-18,349,unconnected
BAC,CAT,0.6341879963874817,1.149681312070653e-40,349,unconnected
BAC,CVX,0.5443634986877441,2.5764469683605376e-28,349,unconnected
BAC,HD,0.5631309151649475,1.3720410499803408e-30,349,unconnected
BAC,INTC,0.05429133400321007,0.31184712052345276,349,unconnected
BAC,PG,0.6119693517684937,3.071397363192735e-37,349,unconnected
BAC,CSCO,0.5138583183288574,6.536731709438015e-25,349,unconnected
BAC,KO,0.41356030106544495,7.505521358533321e-16,349,unconnected
BAC,GE,0.6974365711212158,0.0,349,unconnected
BAC,AMAT,0.13164396584033966,0.01384691521525383,349,unconnected
BAC,MS,0.9801151156425476,0.0,349,unconnected
BAC,UNH,0.5008018612861633,1.4812289756041136e-23,349,unconnected
BAC,MRK,0.2552603781223297,1.3528623412639718e-06,349,unconnected
BAC,GS,0.9647955298423767,0.0,349,unconnected
BAC,RTX,0.21670131385326385,4.457258910406381e-05,349,unconnected
BAC,WFC,0.9497780799865723,0.0,349,unconnected
BAC,PM,0.2710275948047638,2.7241145517109544e-07,349,unconnected
BAC,IBM,0.5871490240097046,1.0178701092686192e-33,349,upstream
BAC,AXP,0.7035156488418579,0.0,349,unconnected
BAC,C,0.9865522384643555,0.0,349,unconnected
BAC,MCD,0.548175573348999,9.135727533957952e-29,349,unconnected
BAC,PEP,0.31113696098327637,2.8548283736995472e-09,349,unconnected
BAC,TXN,0.18227514624595642,0.000622371444478631,349,unconnected
BAC,VZ,0.7695978283882141,0.0,349,unconnected
BAC,AMGN,0.5092461109161377,1.9988587545683343e-24,349,unconnected
BAC,NEE,0.3245260715484619,5.306456385412162e-10,349,unconnected
BAC,T,0.6383231282234192,2.4637629599758934e-41,349,unconnected
BAC,BA,0.687505304813385,0.0,349,unconnected
BAC,TJX,0.4952184855937958,5.40279663715453e-23,349,unconnected
BAC,GILD,0.5021415948867798,1.081982921597686e-23,349,unconnected
BAC,ABT,0.32089391350746155,8.445574239956954e-10,349,unconnected
BAC,SCHW,0.11188414692878723,0.03668674826622009,349,unconnected
BAC,DE,0.638664186000824,2.167528464617627e-41,349,unconnected
BAC,ETN,0.13856908679008484,0.009544387459754944,349,unconnected
BAC,PFE,0.5518208146095276,3.347757054554281e-29,349,unconnected
BAC,UNP,0.643986165523529,2.8754644487945246e-42,349,unconnected
BAC,WELL,0.37588420510292053,3.7291873690621646e-13,349,unconnected
BAC,HON,0.6537389755249023,6.445972935894159e-44,349,unconnected
ABBV,CAT,0.2843586206436157,6.474096636566173e-08,349,unconnected
ABBV,CVX,0.348032683134079,2.251334535463556e-11,349,unconnected
ABBV,HD,0.32619383931159973,4.277924958717705e-10,349,unconnected
ABBV,INTC,0.0426582507789135,0.42694875597953796,349,unconnected
ABBV,PG,0.4208204448223114,2.067309771576126e-16,349,unconnected
ABBV,CSCO,0.4059915244579315,2.785306275511078e-15,349,unconnected
ABBV,KO,0.1990213543176651,0.00018242369696963578,349,unconnected
ABBV,GE,0.4572544991970062,1.9613447525306764e-19,349,unconnected
ABBV,AMAT,0.1054680272936821,0.04898400604724884,349,unconnected
ABBV,MS,0.47484058141708374,4.994838444331609e-21,349,unconnected
ABBV,UNH,0.3893049359321594,4.4707805030774414e-14,349,unconnected
ABBV,MRK,0.07733636349439621,0.14937619864940643,349,unconnected
ABBV,GS,0.44470325112342834,2.372415001372259e-18,349,unconnected
ABBV,RTX,0.0631241649389267,0.23951509594917297,349,unconnected
ABBV,WFC,0.4934947192668915,8.017780923363352e-23,349,unconnected
ABBV,PM,0.09238610416650772,0.08481424301862717,349,unconnected
ABBV,IBM,0.4022068977355957,5.299895738881998e-15,349,unconnected
ABBV,AXP,0.3967505693435669,1.320863177948356e-14,349,unconnected
ABBV,C,0.4438864588737488,2.7803451175122258e-18,349,unconnected
ABBV,MCD,0.32729190587997437,3.709433038512344e-10,349,unconnected
ABBV,PEP,0.1419469118118286,0.007913603447377682,349,unconnected
ABBV,TXN,-0.01389198750257492,0.795940637588501,349,unconnected
ABBV,VZ,0.4516305923461914,6.070011084169916e-19,349,unconnected
ABBV,AMGN,0.40776705741882324,2.0538651617114934e-15,349,unconnected
ABBV,NEE,0.10632959008216858,0.04715514928102493,349,unconnected
ABBV,T,0.39424917101860046,1.996373647449555e-14,349,unconnected
ABBV,BA,0.41959309577941895,2.576478349178529e-16,349,unconnected
ABBV,TJX,0.2515866458415985,1.936461330842576e-06,349,unconnected
ABBV,GILD,0.25612872838974,1.241888639924582e-06,349,unconnected
ABBV,ABT,0.15160353481769562,0.004533293191343546,349,downstream
ABBV,SCHW,0.10381749272346497,0.05265356972813606,349,unconnected
ABBV,DE,0.3634650409221649,2.438210007157937e-12,349,unconnected
ABBV,ETN,0.11674050986766815,0.02921830676496029,349,unconnected
ABBV,PFE,0.40045154094696045,7.12280254444803e-15,349,unconnected
ABBV,UNP,0.384939044713974,9.009612988390009e-14,349,unconnected
ABBV,WELL,0.19392609596252441,0.0002679140889085829,349,unconnected
ABBV,HON,0.4399130344390869,5.9802622979006426e-18,349,unconnected
CAT,CVX,0.3999384343624115,7.76306712598103e-15,349,unconnected
CAT,HD,0.6052314043045044,2.976024317087525e-36,349,unconnected
CAT,INTC,0.07883469760417938,0.14162743091583252,349,unconnected
CAT,PG,0.6139466166496277,1.560908040969571e-37,349,unconnected
CAT,CSCO,0.5087990760803223,2.22556258758688e-24,349,unconnected
CAT,KO,0.4670129120349884,2.6267385307911352e-20,349,unconnected
CAT,GE,0.36140409111976624,3.3039660417288896e-12,349,unconnected
CAT,AMAT,0.09376239031553268,0.08025691658258438,349,unconnected
CAT,MS,0.6585474014282227,8.407790785948902e-45,349,unconnected
CAT,UNH,0.572301983833313,9.388980184043175e-32,349,unconnected
CAT,MRK,0.15569768846035004,0.00354503421112895,349,unconnected
CAT,GS,0.6404919624328613,1.087968127701788e-41,349,unconnected
CAT,RTX,0.32173797488212585,7.58515916743363e-10,349,unconnected
CAT,WFC,0.5827902555465698,3.935623779504145e-33,349,unconnected
CAT,PM,0.36192697286605835,3.059425542767391e-12,349,unconnected
CAT,IBM,0.58468097448349,2.194463730979918e-33,349,unconnected
CAT,AXP,0.6488656401634216,4.344025239406933e-43,349,unconnected
CAT,C,0.6550084948539734,3.923635700109488e-44,349,unconnected
CAT,MCD,0.5644116997718811,9.481591036274969e-31,349,unconnected
CAT,PEP,0.391985684633255,2.892460644371604e-14,349,unconnected
CAT,TXN,0.20105011761188507,0.0001561171666253358,349,unconnected
CAT,VZ,0.4910256266593933,1.4058124846697917e-22,349,unconnected
CAT,AMGN,0.6188364624977112,2.867138774098585e-38,349,unconnected
CAT,NEE,0.3383275866508484,8.572779985893675e-11,349,unconnected
CAT,T,0.37918299436569214,2.233950735985521e-13,349,unconnected
CAT,BA,0.2936868965625763,2.2628489304565846e-08,349,unconnected
CAT,TJX,0.339252769947052,7.561982984238824e-11,349,unconnected
CAT,GILD,0.19647832214832306,0.0002212634135503322,349,unconnected
CAT,ABT,0.28077805042266846,9.594957361969136e-08,349,unconnected
CAT,SCHW,0.10760931670665741,0.04454436153173447,349,unconnected
CAT,DE,0.8938432931900024,0.0,349,unconnected
CAT,ETN,0.10625483095645905,0.04731151834130287,349,downstream
CAT,PFE,0.5406268239021301,7.028366923977796e-28,349,unconnected
CAT,UNP,0.6971457004547119,0.0,349,unconnected
CAT,WELL,0.30262312293052673,7.97375054872873e-09,349,unconnected
CAT,HON,0.6206195950508118,1.5340675701838934e-38,349,upstream
CVX,HD,0.2654727101325989,4.848203047913557e-07,349,unconnected
CVX,INTC,0.0061836098320782185,0.9083608388900757,349,unconnected
CVX,PG,0.26076433062553406,7.82324832471204e-07,349,unconnected
CVX,CSCO,0.24277448654174805,4.4761936806025915e-06,349,unconnected
CVX,KO,0.3360593914985657,1.1640234609533451e-10,349,unconnected
CVX,GE,0.5832840800285339,3.379941151247556e-33,349,unconnected
CVX,AMAT,0.18629023432731628,0.000468100217403844,349,unconnected
CVX,MS,0.5631616115570068,1.3599454011894756e-30,349,unconnected
CVX,UNH,0.17416967451572418,0.001086589996702969,349,unconnected
CVX,MRK,0.1555498242378235,0.003577036317437887,349,unconnected
CVX,GS,0.5877743363380432,8.36976589698439e-34,349,unconnected
CVX,RTX,0.08097591996192932,0.13109250366687775,349,unconnected
CVX,WFC,0.5717939734458923,1.0916575059744666e-31,349,unconnected
CVX,PM,0.21870605647563934,3.770583862205967e-05,349,unconnected
CVX,IBM,0.35572415590286255,7.54816435050154e-12,349,unconnected
CVX,AXP,0.5226491093635559,7.403319079650453e-26,349,unconnected
CVX,C,0.5774105191230774,2.0315826419551738e-32,349,unconnected
CVX,MCD,0.3732394874095917,5.600269054918672e-13,349,unconnected
CVX,PEP,0.27337878942489624,2.1259442917198612e-07,349,unconnected
CVX,TXN,0.16014643013477325,0.0026959131937474012,349,unconnected
CVX,VZ,0.5564528107643127,9.182461578228e-30,349,unconnected
CVX,AMGN,0.3043478727340698,6.493026560860926e-09,349,unconnected
CVX,NEE,0.1400839388370514,0.008779366500675678,349,unconnected
CVX,T,0.6601337790489197,5.605193857299268e-45,349,unconnected
CVX,BA,0.6414496898651123,7.567011707354012e-42,349,unconnected
CVX,TJX,0.2875688672065735,4.528325092678642e-08,349,unconnected
CVX,GILD,0.34294453263282776,4.5644217572249346e-11,349,unconnected
CVX,ABT,0.23735375702381134,7.379298949672375e-06,349,unconnected
CVX,SCHW,0.10677626729011536,0.04622967168688774,349,unconnected
CVX,DE,0.37695738673210144,3.15856797097544e-13,349,unconnected
CVX,ETN,0.24761062860488892,2.8372185170155717e-06,349,unconnected
CVX,PFE,0.18002142012119293,0.0007284118328243494,349,unconnected
CVX,UNP,0.2649192810058594,5.131125817570137e-07,349,unconnected
CVX,WELL,0.22276191413402557,2.675163523235824e-05,349,unconnected
CVX,HON,0.3650124967098236,1.938050197755614e-12,349,unconnected
HD,INTC,0.0338783822953701,0.528164803981781,349,unconnected
HD,PG,0.6510264873504639,1.877739942195255e-43,349,unconnected
HD,CSCO,0.6008307337760925,1.2741235213015289e-35,349,unconnected
HD,KO,0.39061984419822693,3.6126971639932615e-14,349,unconnected
HD,GE,0.31334638595581055,2.175064572895735e-09,349,upstream
HD,AMAT,0.1520024538040161,0.0044271089136600494,349,unconnected
HD,MS,0.5703923106193542,1.6525456934142368e-31,349,unconnected
HD,UNH,0.6966331005096436,0.0,349,unconnected
HD,MRK,0.2407117336988449,5.421609785116743e-06,349,unconnected
HD,GS,0.5740410685539246,5.592457279580838e-32,349,unconnected
HD,RTX,0.3332541286945343,1.6933753010928143e-10,349,unconnected
HD,WFC,0.5533285737037659,2.202147268401084e-29,349,unconnected
HD,PM,0.34429559111595154,3.7880903275278044e-11,349,unconnected
HD,IBM,0.6955998539924622,0.0,349,unconnected
HD,AXP,0.7228289246559143,0.0,349,unconnected
HD,C,0.5628255009651184,1.4980746390495164e-30,349,upstream
HD,MCD,0.6942211985588074,0.0,349,unconnected
HD,PEP,0.3135634958744049,2.117460429218454e-09,349,unconnected
HD,TXN,0.16135497391223907,0.0024996704887598753,349,unconnected
HD,VZ,0.5474227070808411,1.1223668510826365e-28,349,unconnected
HD,AMGN,0.71484375,0.0,349,unconnected
HD,NEE,0.22738735377788544,1.7946309526450932e-05,349,unconnected
HD,T,0.4260977804660797,7.939554143247327e-17,349,unconnected
HD,BA,0.26263150572776794,6.478234695350693e-07,349,unconnected
HD,TJX,0.43616199493408203,1.2210779818323078e-17,349,unconnected
HD,GILD,0.30536773800849915,5.746712439247403e-09,349,unconnected
HD,ABT,0.3162563443183899,1.5150649623763002e-09,349,unconnected
HD,SCHW,0.1651851236820221,0.0019605951383709908,349,unconnected
HD,DE,0.6590352654457092,8.407790785948902e-45,349,unconnected
HD,ETN,0.14074784517288208,0.008461639285087585,349,unconnected
HD,PFE,0.6709020137786865,0.0,349,unconnected
HD,UNP,0.7242546677589417,0.0,349,unconnected
HD,WELL,0.36697280406951904,1.4463988817423057e-12,349,unconnected
HD,HON,0.67530357837677,0.0,349,unconnected
INTC,PG,0.07974248379468918,0.13708466291427612,349,unconnected
INTC,CSCO,0.05793744698166847,0.280415803194046,349,unconnected
INTC,KO,0.13667573034763336,0.010583478957414627,349,unconnected
INTC,GE,0.03788194805383682,0.4805563986301422,349,unconnected
INTC,AMAT,-0.004613117780536413,0.9315679669380188,349,upstream
INTC,MS,0.054109103977680206,0.3134768009185791,349,unconnected
INTC,UNH,0.07300961017608643,0.17355932295322418,349,unconnected
INTC,MRK,0.09328354895114899,0.08181959390640259,349,unconnected
INTC,GS,0.05199023336172104,0.33283016085624695,349,unconnected
INTC,RTX,0.010055082850158215,0.8515234589576721,349,unconnected
INTC,WFC,0.05593114718794823,0.29743659496307373,349,unconnected
INTC,PM,0.06640884280204773,0.21588823199272156,349,unconnected
INTC,IBM,0.057996414601802826,0.2799263894557953,349,downstream
INTC,AXP,0.11841479688882828,0.026965143159031868,349,unconnected
INTC,C,0.05675031617283821,0.290405809879303,349,unconnected
INTC,MCD,0.09392917901277542,0.07971838116645813,349,unconnected
INTC,PEP,0.051324617117643356,0.3390656113624573,349,unconnected
INTC,TXN,0.13502094149589539,0.011572366580367088,349,unconnected
INTC,VZ,0.03905753791332245,0.46703359484672546,349,unconnected
INTC,AMGN,0.0819973275065422,0.1262853741645813,349,unconnected
INTC,NEE,0.09474202990531921,0.07713519781827927,349,unconnected
INTC,T,-0.010424708016216755,0.8461315035820007,349,unconnected
INTC,BA,0.03607701137661934,0.5017268061637878,349,unconnected
INTC,TJX,0.06270249933004379,0.24267464876174927,349,unconnected
INTC,GILD,-0.048512980341911316,0.3662196695804596,349,unconnected
INTC,ABT,0.11067374795675278,0.03878208249807358,349,unconnected
INTC,SCHW,0.09013193100690842,0.09272698312997818,349,unconnected
INTC,DE,0.10921703279018402,0.04143739864230156,349,unconnected
INTC,ETN,-0.09637817740440369,0.07214178889989853,349,unconnected
INTC,PFE,0.08205844461917877,0.12600195407867432,349,unconnected
INTC,UNP,0.09030328691005707,0.09210523962974548,349,unconnected
INTC,WELL,0.01050194539129734,0.8450056910514832,349,unconnected
INTC,HON,0.07785557210445404,0.14665506780147552,349,downstream
PG,CSCO,0.676372230052948,0.0,349,unconnected
PG,KO,0.3983694314956665,1.0091407385019648e-14,349,unconnected
PG,GE,0.46393823623657227,4.983658823703142e-20,349,unconnected
PG,AMAT,0.13493700325489044,0.011624626815319061,349,unconnected
PG,MS,0.6303430199623108,4.715677618115161e-40,349,unconnected
PG,UNH,0.7611420750617981,0.0,349,unconnected
PG,MRK,0.17639634013175964,0.000934553740080446,349,unconnected
PG,GS,0.6191300749778748,2.5871870866360803e-38,349,unconnected
PG,RTX,0.2498081475496292,2.2990716388449073e-06,349,unconnected
PG,WFC,0.6504700183868408,2.3261554507791963e-43,349,unconnected
PG,PM,0.28089120984077454,9.477227536081045e-08,349,unconnected
PG,IBM,0.6011626720428467,1.1426710530587567e-35,349,upstream
PG,AXP,0.5163495540618896,3.548746002400087e-25,349,upstream
PG,C,0.6214349269866943,1.1509654619833602e-38,349,unconnected
PG,MCD,0.6304968595504761,4.4583431681265515e-40,349,unconnected
PG,PEP,0.24266161024570465,4.523581083049066e-06,349,unconnected
PG,TXN,0.2159881293773651,4.72880965389777e-05,349,unconnected
PG,VZ,0.48876917362213135,2.3392881283423884e-22,349,unconnected
PG,AMGN,0.6529628038406372,8.688050478813866e-44,349,unconnected
PG,NEE,0.13892309367656708,0.009360525757074356,349,unconnected
PG,T,0.2745001018047333,1.8873205931413395e-07,349,unconnected
PG,BA,0.33405208587646484,1.5226930827338947e-10,349,unconnected
PG,TJX,0.3615914285182953,3.2142218574227055e-12,349,unconnected
PG,GILD,0.26624923944473267,4.476325727864605e-07,349,unconnected
PG,ABT,0.2842717468738556,6.536642160881456e-08,349,unconnected
PG,SCHW,0.19509677588939667,0.00024548062356188893,349,unconnected
PG,DE,0.7130618691444397,0.0,349,unconnected
PG,ETN,0.10711435973644257,0.04553937166929245,349,unconnected
PG,PFE,0.7802088856697083,0.0,349,unconnected
PG,UNP,0.7920764088630676,0.0,349,unconnected
PG,WELL,0.229364812374115,1.5091873137862422e-05,349,unconnected
PG,HON,0.7869477868080139,0.0,349,unconnected
CSCO,KO,0.424241304397583,1.1138614281803078e-16,349,unconnected
CSCO,GE,0.38476571440696716,9.261795703204706e-14,349,unconnected
CSCO,AMAT,0.08463187515735626,0.11451617628335953,349,unconnected
CSCO,MS,0.5212148427963257,1.0608150323581993e-25,349,unconnected
CSCO,UNH,0.6725189089775085,0.0,349,unconnected
CSCO,MRK,0.19355355203151703,0.0002754451707005501,349,unconnected
CSCO,GS,0.5083020925521851,2.507437577379547e-24,349,unconnected
CSCO,RTX,0.24714680016040802,2.9652273951796815e-06,349,unconnected
CSCO,WFC,0.5310875773429871,8.611916694728033e-27,349,downstream
CSCO,PM,0.3542884588241577,9.276974154148743e-12,349,unconnected
CSCO,IBM,0.6049963235855103,3.218280616233796e-36,349,bidirectional
CSCO,AXP,0.4876611828804016,2.999736614580841e-22,349,unconnected
CSCO,C,0.5178550481796265,2.4473529511534504e-25,349,unconnected
CSCO,MCD,0.4513704180717468,6.392389218275974e-19,349,unconnected
CSCO,PEP,0.2826725244522095,7.797206080795149e-08,349,downstream
CSCO,TXN,0.18418510258197784,0.0005438993684947491,349,unconnected
CSCO,VZ,0.4158148765563965,5.045837735473727e-16,349,bidirectional
CSCO,AMGN,0.5779383182525635,1.7317130045028513e-32,349,unconnected
CSCO,NEE,0.11960626393556595,0.025454143062233925,349,unconnected
CSCO,T,0.2636698782444,5.829397764500754e-07,349,unconnected
CSCO,BA,0.21699486672878265,4.3497893784660846e-05,349,downstream
CSCO,TJX,0.3849117159843445,9.04888075819836e-14,349,unconnected
CSCO,GILD,0.18772925436496735,0.00042206572834402323,349,unconnected
CSCO,ABT,0.2902591824531555,3.344511867453548e-08,349,unconnected
CSCO,SCHW,0.2148786038160324,5.1826005801558495e-05,349,unconnected
CSCO,DE,0.5800520181655884,9.109178292274503e-33,349,unconnected
CSCO,ETN,0.16902539134025574,0.0015288044232875109,349,unconnected
CSCO,PFE,0.5915190577507019,2.5695980492963844e-34,349,unconnected
CSCO,UNP,0.7129106521606445,0.0,349,unconnected
CSCO,WELL,0.20779629051685333,9.199089254252613e-05,349,unconnected
CSCO,HON,0.6837878227233887,0.0,349,unconnected
KO,GE,0.2860935926437378,5.339731146136728e-08,349,unconnected
KO,AMAT,0.03487039729952812,0.5161489844322205,349,unconnected
KO,MS,0.4274105429649353,6.24118293908651e-17,349,unconnected
KO,UNH,0.3918294310569763,2.967094072606896e-14,349,unconnected
KO,MRK,0.23291851580142975,1.1012276445399038e-05,349,unconnected
KO,GS,0.40530839562416077,3.130191833611664e-15,349,unconnected
KO,RTX,0.19372676312923431,0.00027191927074454725,349,unconnected
KO,WFC,0.3997561037540436,8.003991248267412e-15,349,unconnected
KO,PM,0.4003984332084656,7.186525680102918e-15,349,unconnected
KO,IBM,0.43666332960128784,1.1105171865945926e-17,349,unconnected
KO,AXP,0.44164150953292847,4.291011421737713e-18,349,unconnected
KO,C,0.43070361018180847,3.3967582901893944e-17,349,unconnected
KO,MCD,0.39674144983291626,1.3228752200112638e-14,349,unconnected
KO,PEP,0.4440697133541107,2.6832152952395647e-18,349,unconnected
KO,TXN,0.25060996413230896,2.1282121451804414e-06,349,unconnected
KO,VZ,0.3120768964290619,2.543617094730166e-09,349,unconnected
KO,AMGN,0.3639202415943146,2.2792974105345642e-12,349,unconnected
KO,NEE,0.22508716583251953,2.19100656977389e-05,349,unconnected
KO,T,0.2751987874507904,1.7519005268695764e-07,349,unconnected
KO,BA,0.27989572286605835,1.0562720120788072e-07,349,unconnected
KO,TJX,0.3285043239593506,3.1670413513928963e-10,349,unconnected
KO,GILD,0.16815657913684845,0.0016180487582460046,349,unconnected
KO,ABT,0.3418874442577362,5.2778465625680226e-11,349,unconnected
KO,SCHW,0.13542774319648743,0.011322012171149254,349,unconnected
KO,DE,0.450746089220047,7.236592173859577e-19,349,unconnected
KO,ETN,0.13965246081352234,0.008991489186882973,349,unconnected
KO,PFE,0.34934356808662415,1.8726778808209055e-11,349,unconnected
KO,UNP,0.4112703502178192,1.1199617859362129e-15,349,unconnected
KO,WELL,0.21489718556404114,5.174667603569105e-05,349,unconnected
KO,HON,0.39321672916412354,2.3650677770381545e-14,349,unconnected
GE,AMAT,0.07420598715543747,0.16659843921661377,349,unconnected
GE,MS,0.6863465309143066,0.0,349,unconnected
GE,UNH,0.297320157289505,1.4871134546012854e-08,349,unconnected
GE,MRK,0.27086374163627625,2.771329832285119e-07,349,unconnected
GE,GS,0.7116961479187012,0.0,349,upstream
GE,RTX,0.07577866315841675,0.15776853263378143,349,unconnected
GE,WFC,0.7576332092285156,0.0,349,unconnected
GE,PM,0.22450228035449982,2.3042915927362628e-05,349,unconnected
GE,IBM,0.4542054831981659,3.6280862864672363e-19,349,unconnected
GE,AXP,0.4856870174407959,4.661486878905048e-22,349,upstream
GE,C,0.709182620048523,0.0,349,unconnected
GE,MCD,0.4151104688644409,5.714136672341121e-16,349,unconnected
GE,PEP,0.1738540232181549,0.0011098984396085143,349,unconnected
GE,TXN,0.12792189419269562,0.01680087298154831,349,unconnected
GE,VZ,0.6482076644897461,5.633219826585765e-43,349,upstream
GE,AMGN,0.31914764642715454,1.053680254159417e-09,349,unconnected
GE,NEE,0.08287276327610016,0.12227476388216019,349,unconnected
GE,T,0.653651237487793,6.726232628759122e-44,349,unconnected
GE,BA,0.7953413724899292,0.0,349,bidirectional
GE,TJX,0.3399183750152588,6.907428795610571e-11,349,unconnected
GE,GILD,0.4313752055168152,2.9979543336706334e-17,349,unconnected
GE,ABT,0.2781813442707062,1.2719134190319892e-07,349,unconnected
GE,SCHW,0.12818899750709534,0.016571952030062675,349,unconnected
GE,DE,0.3965020179748535,1.3764182901895763e-14,349,unconnected
GE,ETN,0.199266716837883,0.00017903526895679533,349,unconnected
GE,PFE,0.3374941349029541,9.595346739388333e-11,349,unconnected
GE,UNP,0.4065990149974823,2.510120729299443e-15,349,unconnected
GE,WELL,0.20278669893741608,0.00013646857405547053,349,unconnected
GE,HON,0.5080711245536804,2.6501111579130454e-24,349,unconnected
AMAT,MS,0.15088516473770142,0.004730369430035353,349,unconnected
AMAT,UNH,0.12135081738233566,0.02337365224957466,349,unconnected
AMAT,MRK,-0.04098302870988846,0.4453434646129608,349,unconnected
AMAT,GS,0.13570034503936768,0.011156896129250526,349,unconnected
AMAT,RTX,0.08837897330522537,0.09927880764007568,349,unconnected
AMAT,WFC,0.13635770976543427,0.010767524130642414,349,unconnected
AMAT,PM,0.025140458717942238,0.6397484540939331,349,unconnected
AMAT,IBM,0.12037062644958496,0.024523697793483734,349,upstream
AMAT,AXP,0.18286879360675812,0.0005969233461655676,349,unconnected
AMAT,C,0.13388878107070923,0.012295220047235489,349,unconnected
AMAT,MCD,0.15906526148319244,0.002883254550397396,349,unconnected
AMAT,PEP,0.03956473618745804,0.46126407384872437,349,unconnected
AMAT,TXN,0.14705634117126465,0.00591670535504818,349,unconnected
AMAT,VZ,0.1659025251865387,0.001872312044724822,349,unconnected
AMAT,AMGN,0.11166669428348541,0.03705594316124916,349,unconnected
AMAT,NEE,0.11731680482625961,0.02842509187757969,349,unconnected
AMAT,T,0.11677815765142441,0.02916589193046093,349,unconnected
AMAT,BA,0.08556161820888519,0.11057455092668533,349,unconnected
AMAT,TJX,0.07887692004442215,0.1414131224155426,349,unconnected
AMAT,GILD,0.07081573456525803,0.1868826001882553,349,unconnected
AMAT,ABT,0.14406850934028625,0.0070210713893175125,349,unconnected
AMAT,SCHW,0.06646202504634857,0.21552005410194397,349,unconnected
AMAT,DE,0.10752255469560623,0.044717252254486084,349,unconnected
AMAT,ETN,0.04793345928192139,0.3719794750213623,349,unconnected
AMAT,PFE,0.1003643348813057,0.06107315421104431,349,unconnected
AMAT,UNP,0.09293469041585922,0.08297325670719147,349,unconnected
AMAT,WELL,0.0910438746213913,0.08945760130882263,349,unconnected
AMAT,HON,0.09504677355289459,0.07618460059165955,349,unconnected
MS,UNH,0.5310086607933044,8.789402694682983e-27,349,unconnected
MS,MRK,0.2471393644809723,2.9673451535927597e-06,349,unconnected
MS,GS,0.9786664843559265,0.0,349,unconnected
MS,RTX,0.21345999836921692,5.822741150041111e-05,349,unconnected
MS,WFC,0.9391903877258301,0.0,349,unconnected
MS,PM,0.26666492223739624,4.2886236428785196e-07,349,unconnected
MS,IBM,0.6009795069694519,1.2134426432432852e-35,349,unconnected
MS,AXP,0.6988895535469055,0.0,349,unconnected
MS,C,0.9808968305587769,0.0,349,unconnected
MS,MCD,0.5466112494468689,1.4002613290588366e-28,349,unconnected
MS,PEP,0.3218326270580292,7.494163067889303e-10,349,unconnected
MS,TXN,0.19102808833122253,0.00033194577554240823,349,unconnected
MS,VZ,0.7554451823234558,0.0,349,unconnected
MS,AMGN,0.5329843759536743,5.26576787593675e-27,349,unconnected
MS,NEE,0.3274013102054596,3.6570391159784776e-10,349,unconnected
MS,T,0.6134142279624939,1.8738254990130714e-37,349,unconnected
MS,BA,0.6646735072135925,0.0,349,unconnected
MS,TJX,0.48751235008239746,3.101371938996578e-22,349,unconnected
MS,GILD,0.4608360230922699,9.447995564269594e-20,349,unconnected
MS,ABT,0.32585081458091736,4.4722123226925703e-10,349,unconnected
MS,SCHW,0.12234688550233841,0.022252921015024185,349,unconnected
MS,DE,0.6666277647018433,0.0,349,unconnected
MS,ETN,0.1391143649816513,0.009262449108064175,349,unconnected
MS,PFE,0.5690292119979858,2.4685924445658118e-31,349,unconnected
MS,UNP,0.6529931426048279,8.688050478813866e-44,349,unconnected
MS,WELL,0.3879798352718353,5.5363401580202365e-14,349,unconnected
MS,HON,0.6535916924476624,6.726232628759122e-44,349,unconnected
UNH,MRK,0.20745059847831726,9.455776307731867e-05,349,unconnected
UNH,GS,0.5225229263305664,7.641762765312402e-26,349,unconnected
UNH,RTX,0.2607872784137726,7.805246013958822e-07,349,unconnected
UNH,WFC,0.5244990587234497,4.6432808941519586e-26,349,unconnected
UNH,PM,0.3523379862308502,1.2256600248616856e-11,349,unconnected
UNH,IBM,0.6131515502929688,2.0503792403768095e-37,349,unconnected
UNH,AXP,0.5343651175498962,3.673545738943435e-27,349,unconnected
UNH,C,0.5066787004470825,3.6966881877043304e-24,349,unconnected
UNH,MCD,0.6113676428794861,3.77024261976411e-37,349,unconnected
UNH,PEP,0.2825489938259125,7.903754095650584e-08,349,unconnected
UNH,TXN,0.18738941848278046,0.0004325420886743814,349,unconnected
UNH,VZ,0.38624483346939087,7.314159315100627e-14,349,unconnected
UNH,AMGN,0.7360324859619141,0.0,349,unconnected
UNH,NEE,0.13191011548042297,0.013654409907758236,349,unconnected
UNH,T,0.2119007110595703,6.612072320422158e-05,349,unconnected
UNH,BA,0.1563197821378708,0.0034132953733205795,349,unconnected
UNH,TJX,0.3711549639701843,7.69608552234069e-13,349,unconnected
UNH,GILD,0.16953089833259583,0.0014789841370657086,349,unconnected
UNH,ABT,0.30028900504112244,1.0506932213161235e-08,349,unconnected
UNH,SCHW,0.20568042993545532,0.00010879128967644647,349,unconnected
UNH,DE,0.6878300905227661,0.0,349,unconnected
UNH,ETN,0.14364932477474213,0.0071899122558534145,349,unconnected
UNH,PFE,0.8270699381828308,0.0,349,unconnected
UNH,UNP,0.7722042798995972,0.0,349,unconnected
UNH,WELL,0.27127811312675476,2.653376895977999e-07,349,unconnected
UNH,HON,0.7494832873344421,0.0,349,unconnected
MRK,GS,0.2642219066619873,5.510301548383723e-07,349,unconnected
MRK,RTX,0.07949727773666382,0.13830001652240753,349,unconnected
MRK,WFC,0.2763202488422394,1.5538901720901777e-07,349,unconnected
MRK,PM,0.3255457580089569,4.652209728561729e-10,349,unconnected
MRK,IBM,0.202391117811203,0.0001407284871675074,349,unconnected
MRK,AXP,0.21131885051727295,6.931655661901459e-05,349,unconnected
MRK,C,0.25337472558021545,1.6274233303192887e-06,349,unconnected
MRK,MCD,0.19107189774513245,0.00033088118652813137,349,unconnected
MRK,PEP,0.08556267619132996,0.11057006567716599,349,unconnected
MRK,TXN,0.17325705289840698,0.0011552339419722557,349,unconnected
MRK,VZ,0.19551222026348114,0.0002379502257099375,349,unconnected
MRK,AMGN,0.21817556023597717,3.941854083677754e-05,349,unconnected
MRK,NEE,0.09579530358314514,0.07388974726200104,349,unconnected
MRK,T,0.26330119371414185,6.052317758076242e-07,349,unconnected
MRK,BA,0.20093540847301483,0.00015750534657854587,349,unconnected
MRK,TJX,0.24847784638404846,2.6118536879948806e-06,349,unconnected
MRK,GILD,0.0760699063539505,0.1561729460954666,349,unconnected
MRK,ABT,0.30051469802856445,1.0231484992573314e-08,349,unconnected
MRK,SCHW,0.21787317097187042,4.0427206840831786e-05,349,unconnected
MRK,DE,0.18179652094841003,0.0006436161929741502,349,unconnected
MRK,ETN,0.1383078396320343,0.009682181291282177,349,unconnected
MRK,PFE,0.19400662183761597,0.0002663104678504169,349,unconnected
MRK,UNP,0.22547005116939545,2.119719283655286e-05,349,unconnected
MRK,WELL,-0.023488935083150864,0.6618977189064026,349,unconnected
MRK,HON,0.22866596281528473,1.6047530152718537e-05,349,unconnected
GS,RTX,0.21805912256240845,3.9804283005651087e-05,349,unconnected
GS,WFC,0.9365698099136353,0.0,349,downstream
GS,PM,0.26973390579223633,3.119129701190104e-07,349,unconnected
GS,IBM,0.5913029909133911,2.751979900835049e-34,349,downstream
GS,AXP,0.6980745196342468,0.0,349,unconnected
GS,C,0.9673811197280884,0.0,349,unconnected
GS,MCD,0.5636991262435913,1.164789170789123e-30,349,unconnected
GS,PEP,0.31210431456565857,2.535051946139788e-09,349,unconnected
GS,TXN,0.17912329733371735,0.0007751446682959795,349,unconnected
GS,VZ,0.7471755146980286,0.0,349,unconnected
GS,AMGN,0.5358397364616394,2.496250763993767e-27,349,unconnected
GS,NEE,0.301018089056015,9.641954790140517e-09,349,unconnected
GS,T,0.6302588582038879,4.862533697176402e-40,349,unconnected
GS,BA,0.6653833389282227,0.0,349,unconnected
GS,TJX,0.4921475052833557,1.0898697793786866e-22,349,unconnected
GS,GILD,0.4637361466884613,5.1967095302238315e-20,349,unconnected
GS,ABT,0.3241865038871765,5.543493442061731e-10,349,unconnected
GS,SCHW,0.11065976321697235,0.038807015866041183,349,unconnected
GS,DE,0.6476922035217285,6.866362475191604e-43,349,downstream
GS,ETN,0.1398039162158966,0.008916536346077919,349,unconnected
GS,PFE,0.5567400455474854,8.468849614736459e-30,349,unconnected
GS,UNP,0.6388914585113525,1.9901240790341052e-41,349,unconnected
GS,WELL,0.38177722692489624,1.486936794395724e-13,349,unconnected
GS,HON,0.6375835537910461,3.2510124372335756e-41,349,unconnected
RTX,WFC,0.1874135583639145,0.00043178824125789106,349,unconnected
RTX,PM,0.2418896108865738,4.860698936681729e-06,349,unconnected
RTX,IBM,0.27329206466674805,2.1455771559431014e-07,349,unconnected
RTX,AXP,0.30920007824897766,3.6167786543472857e-09,349,unconnected
RTX,C,0.2081388682126999,8.951264317147434e-05,349,unconnected
RTX,MCD,0.27959921956062317,1.0908686221000607e-07,349,unconnected
RTX,PEP,0.21116650104522705,7.017705502221361e-05,349,unconnected
RTX,TXN,0.04480220749974251,0.40406107902526855,349,unconnected
RTX,VZ,0.20307090878486633,0.00013348281208891422,349,unconnected
RTX,AMGN,0.3202042579650879,9.218188434800823e-10,349,unconnected
RTX,NEE,0.10428240150213242,0.05159752815961838,349,unconnected
RTX,T,0.1910475194454193,0.00033147254725918174,349,unconnected
RTX,BA,0.03435899689793587,0.5223255157470703,349,unconnected
RTX,TJX,0.15952900052070618,0.0028015030547976494,349,unconnected
RTX,GILD,0.1292535364627838,0.01568623073399067,349,unconnected
RTX,ABT,0.21418173611164093,5.488239912665449e-05,349,unconnected
RTX,SCHW,0.022396085783839226,0.6767188310623169,349,unconnected
RTX,DE,0.3098224401473999,3.3526545983875167e-09,349,unconnected
RTX,ETN,0.17174658179283142,0.0012776815565302968,349,unconnected
RTX,PFE,0.2591473460197449,9.200904855788394e-07,349,unconnected
RTX,UNP,0.25418752431869507,1.5030880149424775e-06,349,unconnected
RTX,WELL,0.2721778154373169,2.413673314549669e-07,349,unconnected
RTX,HON,0.28345146775245667,7.156446457656784e-08,349,unconnected
WFC,PM,0.2516539990901947,1.9238657387177227e-06,349,unconnected
WFC,IBM,0.5844228863716125,2.377222613148059e-33,349,unconnected
WFC,AXP,0.6447353959083557,2.1579996350602183e-42,349,unconnected
WFC,C,0.9506962895393372,0.0,349,unconnected
WFC,MCD,0.575082004070282,4.09525451644627e-32,349,unconnected
WFC,PEP,0.28046947717666626,9.923352450869061e-08,349,unconnected
WFC,TXN,0.17221060395240784,0.0012388573959469795,349,unconnected
WFC,VZ,0.7846972346305847,0.0,349,unconnected
WFC,AMGN,0.5207427740097046,1.1936997611783268e-25,349,unconnected
WFC,NEE,0.23328183591365814,1.0660095540515613e-05,349,unconnected
WFC,T,0.6536098718643188,6.726232628759122e-44,349,unconnected
WFC,BA,0.7507463693618774,0.0,349,unconnected
WFC,TJX,0.4767870306968689,3.2837547627481505e-21,349,unconnected
WFC,GILD,0.5484818816184998,8.400489935066649e-29,349,unconnected
WFC,ABT,0.29896795749664307,1.2269273597098618e-08,349,unconnected
WFC,SCHW,0.12039454281330109,0.024495011195540428,349,unconnected
WFC,DE,0.6346064805984497,9.84748482819622e-41,349,unconnected
WFC,ETN,0.15728320181369781,0.003217990742996335,349,unconnected
WFC,PFE,0.5773767828941345,2.0523308519311564e-32,349,unconnected
WFC,UNP,0.6343166828155518,1.0962357886413044e-40,349,unconnected
WFC,WELL,0.29328233003616333,2.370284946096035e-08,349,unconnected
WFC,HON,0.6915490031242371,0.0,349,unconnected
PM,IBM,0.3197515904903412,9.762146646608016e-10,349,unconnected
PM,AXP,0.3818524181842804,1.4694383134328942e-13,349,unconnected
PM,C,0.26836884021759033,3.5954656141257146e-07,349,unconnected
PM,MCD,0.3082246780395508,4.071723402887528e-09,349,unconnected
PM,PEP,0.22676022350788116,1.8953558537759818e-05,349,unconnected
PM,TXN,0.38973841071128845,4.1678683074253264e-14,349,unconnected
PM,VZ,0.27331605553627014,2.1401392302777822e-07,349,unconnected
PM,AMGN,0.3650035858154297,1.940629514723957e-12,349,unconnected
PM,NEE,0.19552923738956451,0.00023764588695485145,349,unconnected
PM,T,0.3021245002746582,8.459570821628404e-09,349,unconnected
PM,BA,0.1260254979133606,0.018507707864046097,349,unconnected
PM,TJX,0.29996374249458313,1.091668799801937e-08,349,unconnected
PM,GILD,0.004453113302588463,0.9339373707771301,349,unconnected
PM,ABT,0.257910817861557,1.0408422213004087e-06,349,unconnected
PM,SCHW,0.1311776340007782,0.01419007871299982,349,unconnected
PM,DE,0.36182811856269836,3.1042941654735312e-12,349,unconnected
PM,ETN,0.14249518513679504,0.007673756219446659,349,unconnected
PM,PFE,0.31872719526290894,1.1110740105735317e-09,349,unconnected
PM,UNP,0.3688480854034424,1.0912145752967062e-12,349,unconnected
PM,WELL,0.12208575755357742,0.022542055696249008,349,unconnected
PM,HON,0.37938496470451355,2.1645561048850431e-13,349,unconnected
IBM,AXP,0.6811774373054504,0.0,349,bidirectional
IBM,C,0.5977750420570374,3.451909185755468e-35,349,unconnected
IBM,MCD,0.5640822052955627,1.0428804384167568e-30,349,downstream
IBM,PEP,0.28894737362861633,3.878592735873099e-08,349,unconnected
IBM,TXN,0.18969178199768066,0.000366043095709756,349,unconnected
IBM,VZ,0.5327213406562805,5.638659113235218e-27,349,downstream
IBM,AMGN,0.6026270389556885,7.056644547033741e-36,349,downstream
IBM,NEE,0.2687210440635681,3.4662517123251746e-07,349,unconnected
IBM,T,0.45692136883735657,2.0983363309740854e-19,349,unconnected
IBM,BA,0.32999053597450256,2.606633520141344e-10,349,unconnected
IBM,TJX,0.38289132714271545,1.2470872858688642e-13,349,unconnected
IBM,GILD,0.23112206161022186,1.2922228961542714e-05,349,unconnected
IBM,ABT,0.35668057203292847,6.575292393895538e-12,349,unconnected
IBM,SCHW,0.11397291719913483,0.033296387642621994,349,unconnected
IBM,DE,0.6175167560577393,4.542931148627055e-38,349,unconnected
IBM,ETN,0.11814700812101364,0.02731509879231453,349,bidirectional
IBM,PFE,0.5735492706298828,6.477040288461626e-32,349,downstream
IBM,UNP,0.6605556011199951,2.802596928649634e-45,349,unconnected
IBM,WELL,0.25211310386657715,1.8400795624984312e-06,349,unconnected
IBM,HON,0.5850824117660522,1.9375904810054083e-33,349,unconnected
AXP,C,0.70637047290802,0.0,349,unconnected
AXP,MCD,0.6172730922698975,4.944705839124409e-38,349,downstream
AXP,PEP,0.32368817925453186,5.91020954399113e-10,349,downstream
AXP,TXN,0.17170146107673645,0.0012815213995054364,349,unconnected
AXP,VZ,0.651553213596344,1.5134023414708024e-43,349,unconnected
AXP,AMGN,0.6100481748580933,5.901586643332065e-37,349,unconnected
AXP,NEE,0.37192457914352417,6.845606980582231e-13,349,unconnected
AXP,T,0.6536710858345032,6.445972935894159e-44,349,unconnected
AXP,BA,0.4774474501609802,2.8464476373460928e-21,349,unconnected
AXP,TJX,0.4368477761745453,1.0723776256290589e-17,349,unconnected
AXP,GILD,0.40440940856933594,3.648411037664818e-15,349,unconnected
AXP,ABT,0.3201271891593933,9.308609438818394e-10,349,unconnected
AXP,SCHW,0.1449105590581894,0.006692529655992985,349,unconnected
AXP,DE,0.6380689740180969,2.710391489697061e-41,349,unconnected
AXP,ETN,0.1620776355266571,0.002388635417446494,349,downstream
AXP,PFE,0.5221636891365051,8.363370196875411e-26,349,downstream
AXP,UNP,0.6411243677139282,8.561933617024632e-42,349,unconnected
AXP,WELL,0.33610665798187256,1.156647971845004e-10,349,unconnected
AXP,HON,0.6137984991073608,1.6423967976824963e-37,349,unconnected
C,MCD,0.5428251028060913,3.9004248604758694e-28,349,unconnected
C,PEP,0.3120287358760834,2.5587296725859687e-09,349,unconnected
C,TXN,0.18066425621509552,0.0006965749198570848,349,unconnected
C,VZ,0.7627044320106506,0.0,349,unconnected
C,AMGN,0.5043630599975586,6.4080764830131335e-24,349,unconnected
C,NEE,0.32795122265815735,3.4041930385697583e-10,349,unconnected
C,T,0.6369709372520447,4.0875876204354914e-41,349,unconnected
C,BA,0.7045156359672546,0.0,349,unconnected
C,TJX,0.48826009035110474,2.6227545030163756e-22,349,unconnected
C,GILD,0.4790782332420349,1.9973847048580564e-21,349,unconnected
C,ABT,0.31630799174308777,1.5053024382538638e-09,349,unconnected
C,SCHW,0.11761584877967834,0.028020963072776794,349,unconnected
C,DE,0.6563405394554138,2.2420775429197073e-44,349,unconnected
C,ETN,0.13503439724445343,0.011563997715711594,349,unconnected
C,PFE,0.5494208335876465,6.492346555568937e-29,349,unconnected
C,UNP,0.6519600749015808,1.2891945871788317e-43,349,unconnected
C,WELL,0.36135023832321167,3.3301616672587464e-12,349,unconnected
C,HON,0.6465613842010498,1.064986832886861e-42,349,unconnected
MCD,PEP,0.3304205536842346,2.4633467488044403e-10,349,upstream
MCD,TXN,0.1363057792186737,0.010797799564898014,349,unconnected
MCD,VZ,0.5618334412574768,1.9917484121575735e-30,349,unconnected
MCD,AMGN,0.6646956205368042,0.0,349,unconnected
MCD,NEE,0.13652610778808594,0.010669701732695103,349,unconnected
MCD,T,0.49365758895874023,7.725037165790731e-23,349,unconnected
MCD,BA,0.4115220010280609,1.0719283474424344e-15,349,unconnected
MCD,TJX,0.38028213381767273,1.8809079456710148e-13,349,unconnected
MCD,GILD,0.39284124970436096,2.5150624042170194e-14,349,unconnected
MCD,ABT,0.30820128321647644,4.083275051414148e-09,349,unconnected
MCD,SCHW,0.13021764159202576,0.014920090325176716,349,unconnected
MCD,DE,0.6454675793647766,1.6283088155454374e-42,349,unconnected
MCD,ETN,0.11539687216281891,0.031141335144639015,349,unconnected
MCD,PFE,0.5878980159759521,8.051445700201561e-34,349,unconnected
MCD,UNP,0.5603094696998596,3.0792977299451253e-30,349,unconnected
MCD,WELL,0.2616342306137085,7.166317459450511e-07,349,unconnected
MCD,HON,0.6691311597824097,0.0,349,unconnected
PEP,TXN,0.06437615305185318,0.23030437529087067,349,unconnected
PEP,VZ,0.2754405736923218,1.707259542627071e-07,349,unconnected
PEP,AMGN,0.3590603172779083,4.655400197284276e-12,349,unconnected
PEP,NEE,0.22126804292201996,3.0378852898138575e-05,349,unconnected
PEP,T,0.276674747467041,1.4959049110530032e-07,349,unconnected
PEP,BA,0.19681887328624725,0.00021564876078628004,349,unconnected
PEP,TJX,0.21103814244270325,7.09100131643936e-05,349,unconnected
PEP,GILD,0.14575731754302979,0.006376116536557674,349,unconnected
PEP,ABT,0.24229806661605835,4.679424819187261e-06,349,unconnected
PEP,SCHW,0.09320762008428574,0.08206963539123535,349,unconnected
PEP,DE,0.39750638604164124,1.1650865344649437e-14,349,unconnected
PEP,ETN,0.07246565818786621,0.17679481208324432,349,unconnected
PEP,PFE,0.19282010197639465,0.00029085433925502,349,unconnected
PEP,UNP,0.2694021165370941,3.22897989235571e-07,349,unconnected
PEP,WELL,0.2978176176548004,1.4034087669756445e-08,349,unconnected
PEP,HON,0.28896549344062805,3.870683329409985e-08,349,unconnected
TXN,VZ,0.14045847952365875,0.00859882589429617,349,unconnected
TXN,AMGN,0.17470690608024597,0.0010479521006345749,349,unconnected
TXN,NEE,0.09608209878206253,0.07302545011043549,349,unconnected
TXN,T,0.11266148835420609,0.03539225831627846,349,unconnected
TXN,BA,0.096359483897686,0.07219738513231277,349,unconnected
TXN,TJX,0.15372870862483978,0.003992963116616011,349,unconnected
TXN,GILD,-0.05907536670565605,0.2710616886615753,349,unconnected
TXN,ABT,0.1325446516275406,0.013204783201217651,349,unconnected
TXN,SCHW,0.21619783341884613,4.6473811380565166e-05,349,unconnected
TXN,DE,0.1951824128627777,0.00024390900216531008,349,unconnected
TXN,ETN,0.10464602708816528,0.050783999264240265,349,unconnected
TXN,PFE,0.17932257056236267,0.0007645402802154422,349,unconnected
TXN,UNP,0.23376204073429108,1.0211081644229125e-05,349,unconnected
TXN,WELL,0.06327112019062042,0.2384205013513565,349,unconnected
TXN,HON,0.18320466578006744,0.0005829587462358177,349,unconnected
VZ,AMGN,0.5053586959838867,5.06088862249973e-24,349,unconnected
VZ,NEE,0.19312706589698792,0.00028431034297682345,349,unconnected
VZ,T,0.8583440184593201,0.0,349,unconnected
VZ,BA,0.7380922436714172,0.0,349,unconnected
VZ,TJX,0.4288264513015747,4.808679495201058e-17,349,unconnected
VZ,GILD,0.40740445256233215,2.1860372415922385e-15,349,unconnected
VZ,ABT,0.2817825675010681,8.597013589906055e-08,349,unconnected
VZ,SCHW,0.10714414715766907,0.0454789362847805,349,unconnected
VZ,DE,0.5258093476295471,3.331066245099204e-26,349,unconnected
VZ,ETN,0.15377521514892578,0.00398182263597846,349,unconnected
VZ,PFE,0.47356685996055603,6.562846537131103e-21,349,unconnected
VZ,UNP,0.4618571698665619,7.659691179771329e-20,349,unconnected
VZ,WELL,0.35930344462394714,4.493262099197759e-12,349,unconnected
VZ,HON,0.6074358820915222,1.42406380223081e-36,349,unconnected
AMGN,NEE,0.2211940437555313,3.057019421248697e-05,349,unconnected
AMGN,T,0.42903637886047363,4.6258368456243763e-17,349,unconnected
AMGN,BA,0.25660350918769836,1.184971779366606e-06,349,unconnected
AMGN,TJX,0.4047450125217438,3.4458077447034044e-15,349,unconnected
AMGN,GILD,0.22849777340888977,1.6285946912830696e-05,349,unconnected
AMGN,ABT,0.3300468623638153,2.587391967345809e-10,349,unconnected
AMGN,SCHW,0.13651371002197266,0.010676874779164791,349,unconnected
AMGN,DE,0.7113353610038757,0.0,349,unconnected
AMGN,ETN,0.08172501623630524,0.12755326926708221,349,unconnected
AMGN,PFE,0.7197855114936829,0.0,349,unconnected
AMGN,UNP,0.6239152550697327,4.7778252050079665e-39,349,unconnected
AMGN,WELL,0.29951900243759155,1.1501833263594108e-08,349,unconnected
AMGN,HON,0.7267734408378601,0.0,349,unconnected
NEE,T,0.19770969450473785,0.0002015813224716112,349,unconnected
NEE,BA,0.06790323555469513,0.2057107836008072,349,unconnected
NEE,TJX,0.2028483897447586,0.0001358145527774468,349,unconnected
NEE,GILD,0.07946538180112839,0.13845904171466827,349,unconnected
NEE,ABT,0.15026740729808807,0.004905953072011471,349,unconnected
NEE,SCHW,-0.04580781236290932,0.3935823142528534,349,unconnected
NEE,DE,0.2960108816623688,1.7311494460159338e-08,349,unconnected
NEE,ETN,0.04140494391322136,0.44066885113716125,349,unconnected
NEE,PFE,0.13089127838611603,0.01440446637570858,349,unconnected
NEE,UNP,0.25273582339286804,1.731984752950666e-06,349,unconnected
NEE,WELL,0.057549867779016495,0.28365206718444824,349,unconnected
NEE,HON,0.17343740165233612,0.0011413672473281622,349,unconnected
T,BA,0.7489157915115356,0.0,349,unconnected
T,TJX,0.39070430397987366,3.563503862108984e-14,349,unconnected
T,GILD,0.3792475461959839,2.2115554559106604e-13,349,unconnected
T,ABT,0.2521951198577881,1.8254830820296775e-06,349,unconnected
T,SCHW,0.06383972615003586,0.23421990871429443,349,unconnected
T,DE,0.38966721296310425,4.2161739187808814e-14,349,unconnected
T,ETN,0.14227791130542755,0.007767990231513977,349,unconnected
T,PFE,0.2687636911869049,3.450946621796902e-07,349,unconnected
T,UNP,0.25678133964538574,1.1642963499980397e-06,349,unconnected
T,WELL,0.302508682012558,8.082799318742673e-09,349,unconnected
T,HON,0.4588790833950043,1.4097027841569786e-19,349,unconnected
BA,TJX,0.3039795756340027,6.784909967194608e-09,349,unconnected
BA,GILD,0.5363385677337646,2.18950520544929e-27,349,unconnected
BA,ABT,0.24975405633449554,2.311065145477187e-06,349,unconnected
BA,SCHW,0.13100892305374146,0.014316120184957981,349,unconnected
BA,DE,0.3133581876754761,2.1718942200266156e-09,349,unconnected
BA,ETN,0.14980363845825195,0.005041592754423618,349,upstream
BA,PFE,0.22327424585819244,2.56049279414583e-05,349,unconnected
BA,UNP,0.2877485156059265,4.437992373595989e-08,349,unconnected
BA,WELL,0.242700457572937,4.5072147258906625e-06,349,unconnected
BA,HON,0.43366721272468567,1.9535382251599495e-17,349,upstream
TJX,GILD,0.19903844594955444,0.00018218466721009463,349,unconnected
TJX,ABT,0.21651533246040344,4.5266191591508687e-05,349,unconnected
TJX,SCHW,0.07906325906515121,0.14047253131866455,349,unconnected
TJX,DE,0.3786433935165405,2.430251909001785e-13,349,unconnected
TJX,ETN,0.09235768765211105,0.08491074293851852,349,unconnected
TJX,PFE,0.41009777784347534,1.3730784181027289e-15,349,unconnected
TJX,UNP,0.4088875353336334,1.6930741248064843e-15,349,unconnected
TJX,WELL,0.28054583072662354,9.84105170687144e-08,349,unconnected
TJX,HON,0.4493837058544159,9.47727194184029e-19,349,unconnected
GILD,ABT,0.17236758768558502,0.001225967425853014,349,unconnected
GILD,SCHW,0.0672798901796341,0.209912970662117,349,unconnected
GILD,DE,0.26636627316474915,4.4226973727745644e-07,349,unconnected
GILD,ETN,0.06488589942455292,0.2266269028186798,349,unconnected
GILD,PFE,0.17493276298046112,0.0010320961009711027,349,upstream
GILD,UNP,0.20940205454826355,8.090410119621083e-05,349,unconnected
GILD,WELL,0.10818585753440857,0.043408285826444626,349,unconnected
GILD,HON,0.36646732687950134,1.5600443029409328e-12,349,unconnected
ABT,SCHW,0.16679276525974274,0.0017678175354376435,349,unconnected
ABT,DE,0.30122512578964233,9.409133028270844e-09,349,unconnected
ABT,ETN,0.13304223120212555,0.012861380353569984,349,unconnected
ABT,PFE,0.3123837411403656,2.4493431727279358e-09,349,downstream
ABT,UNP,0.25918328762054443,9.167953862743161e-07,349,unconnected
ABT,WELL,0.19112880527973175,0.0003294993657618761,349,unconnected
ABT,HON,0.3200356960296631,9.417228108432596e-10,349,unconnected
SCHW,DE,0.11464843153953552,0.03225863352417946,349,unconnected
SCHW,ETN,0.10485795885324478,0.050314709544181824,349,unconnected
SCHW,PFE,0.13080358505249023,0.014470723457634449,349,unconnected
SCHW,UNP,0.19751498103141785,0.00020457997743505985,349,unconnected
SCHW,WELL,-0.04794447124004364,0.3718699514865875,349,unconnected
SCHW,HON,0.20439699292182922,0.0001203434367198497,349,unconnected
DE,ETN,0.09689047187566757,0.07063377648591995,349,unconnected
DE,PFE,0.6538342833518982,6.165713243029195e-44,349,unconnected
DE,UNP,0.7346360087394714,0.0,349,unconnected
DE,WELL,0.2649640440940857,5.107631295686588e-07,349,unconnected
DE,HON,0.7108081579208374,0.0,349,unconnected
ETN,PFE,0.13180804252624512,0.01372795831412077,349,unconnected
ETN,UNP,0.12728875875473022,0.01735471375286579,349,unconnected
ETN,WELL,0.07155555486679077,0.18230757117271423,349,unconnected
ETN,HON,0.17684435844421387,0.0009064434561878443,349,unconnected
PFE,UNP,0.7363017201423645,0.0,349,unconnected
PFE,WELL,0.25694239139556885,1.145873284258414e-06,349,unconnected
PFE,HON,0.7388637661933899,0.0,349,unconnected
UNP,WELL,0.2892407476902008,3.752432320425214e-08,349,unconnected
UNP,HON,0.7599101066589355,0.0,349,unconnected
WELL,HON,0.2490185648202896,2.4801079234748613e-06,349,unconnected
