n_his,gcn_h,att_h,ff_h,dropout,lr,wd,att_heads,val_rmse,elapsed_s
8,64,64,128,0.1,0.001,0.0001,2,1.189712,3.2
8,64,64,128,0.1,0.001,0.0001,4,1.211355,2.4
8,64,64,128,0.1,0.001,0.001,2,1.205998,2.3
8,64,64,128,0.1,0.001,0.001,4,1.245862,2.5
8,64,64,128,0.1,0.0005,0.0001,2,1.158453,2.4
8,64,64,128,0.1,0.0005,0.0001,4,1.161176,3.4
8,64,64,128,0.1,0.0005,0.001,2,1.180343,7.3
8,64,64,128,0.1,0.0005,0.001,4,1.196148,5.1
8,64,64,128,0.1,0.0001,0.0001,2,1.142121,13.5
8,64,64,128,0.1,0.0001,0.0001,4,1.134838,6.7
8,64,64,128,0.1,0.0001,0.001,2,1.154896,11.5
8,64,64,128,0.1,0.0001,0.001,4,1.138234,16.8
8,64,64,128,0.2,0.001,0.0001,2,1.219504,7.6
8,64,64,128,0.2,0.001,0.0001,4,1.167365,6.5
8,64,64,128,0.2,0.001,0.001,2,1.184364,9.2
8,64,64,128,0.2,0.001,0.001,4,1.226111,9.3
8,64,64,128,0.2,0.0005,0.0001,2,1.186279,7.8
8,64,64,128,0.2,0.0005,0.0001,4,1.158383,7.8
8,64,64,128,0.2,0.0005,0.001,2,1.172608,7.0
8,64,64,128,0.2,0.0005,0.001,4,1.165693,7.5
8,64,64,128,0.2,0.0001,0.0001,2,1.145733,9.6
8,64,64,128,0.2,0.0001,0.0001,4,1.142222,13.7
8,64,64,128,0.2,0.0001,0.001,2,1.145351,10.3
8,64,64,128,0.2,0.0001,0.001,4,1.142604,7.5
8,64,64,128,0.3,0.001,0.0001,2,1.227683,6.5
8,64,64,128,0.3,0.001,0.0001,4,1.184853,5.8
8,64,64,128,0.3,0.001,0.001,2,1.208124,4.7
8,64,64,128,0.3,0.001,0.001,4,1.195687,5.9
8,64,64,128,0.3,0.0005,0.0001,2,1.157976,4.4
8,64,64,128,0.3,0.0005,0.0001,4,1.146894,10.3
8,64,64,128,0.3,0.0005,0.001,2,1.15533,7.2
8,64,64,128,0.3,0.0005,0.001,4,1.161159,8.2
8,64,64,128,0.3,0.0001,0.0001,2,1.134347,15.4
8,64,64,128,0.3,0.0001,0.0001,4,1.142757,11.0
8,64,64,128,0.3,0.0001,0.001,2,1.127456,10.7
8,64,64,128,0.3,0.0001,0.001,4,1.130348,5.0
8,64,64,256,0.1,0.001,0.0001,2,1.240887,5.4
8,64,64,256,0.1,0.001,0.0001,4,1.240389,6.9
8,64,64,256,0.1,0.001,0.001,2,1.245458,6.5
8,64,64,256,0.1,0.001,0.001,4,1.278152,5.8
8,64,64,256,0.1,0.0005,0.0001,2,1.171819,6.2
8,64,64,256,0.1,0.0005,0.0001,4,1.172286,5.9
8,64,64,256,0.1,0.0005,0.001,2,1.189003,5.2
8,64,64,256,0.1,0.0005,0.001,4,1.196067,6.8
8,64,64,256,0.1,0.0001,0.0001,2,1.152504,10.6
8,64,64,256,0.1,0.0001,0.0001,4,1.149661,14.7
8,64,64,256,0.1,0.0001,0.001,2,1.161024,11.3
8,64,64,256,0.1,0.0001,0.001,4,1.139777,9.4
8,64,64,256,0.2,0.001,0.0001,2,1.178761,7.5
8,64,64,256,0.2,0.001,0.0001,4,1.199392,10.5
8,64,64,256,0.2,0.001,0.001,2,1.195947,7.9
8,64,64,256,0.2,0.001,0.001,4,1.235675,9.2
8,64,64,256,0.2,0.0005,0.0001,2,1.198275,9.9
8,64,64,256,0.2,0.0005,0.0001,4,1.209779,10.2
8,64,64,256,0.2,0.0005,0.001,2,1.1899,8.2
8,64,64,256,0.2,0.0005,0.001,4,1.15052,6.3
8,64,64,256,0.2,0.0001,0.0001,2,1.14148,14.1
8,64,64,256,0.2,0.0001,0.0001,4,1.136565,8.7
8,64,64,256,0.2,0.0001,0.001,2,1.13728,10.3
8,64,64,256,0.2,0.0001,0.001,4,1.137186,7.6
8,64,64,256,0.3,0.001,0.0001,2,1.237165,6.7
8,64,64,256,0.3,0.001,0.0001,4,1.253998,5.6
8,64,64,256,0.3,0.001,0.001,2,1.242233,4.7
8,64,64,256,0.3,0.001,0.001,4,1.291886,5.4
8,64,64,256,0.3,0.0005,0.0001,2,1.151622,5.1
8,64,64,256,0.3,0.0005,0.0001,4,1.147156,4.4
8,64,64,256,0.3,0.0005,0.001,2,1.16606,3.3
8,64,64,256,0.3,0.0005,0.001,4,1.154224,4.0
8,64,64,256,0.3,0.0001,0.0001,2,1.140021,6.2
8,64,64,256,0.3,0.0001,0.0001,4,1.14745,7.1
8,64,64,256,0.3,0.0001,0.001,2,1.13346,4.8
8,64,64,256,0.3,0.0001,0.001,4,1.136073,8.1
8,64,128,128,0.1,0.001,0.0001,2,1.238277,4.3
8,64,128,128,0.1,0.001,0.0001,4,1.180738,4.6
8,64,128,128,0.1,0.001,0.001,2,1.193934,4.4
8,64,128,128,0.1,0.001,0.001,4,1.172323,4.6
8,64,128,128,0.1,0.0005,0.0001,2,1.161764,4.9
8,64,128,128,0.1,0.0005,0.0001,4,1.159932,4.8
8,64,128,128,0.1,0.0005,0.001,2,1.176646,3.9
8,64,128,128,0.1,0.0005,0.001,4,1.160437,4.5
8,64,128,128,0.1,0.0001,0.0001,2,1.151644,5.1
8,64,128,128,0.1,0.0001,0.0001,4,1.134174,5.6
8,64,128,128,0.1,0.0001,0.001,2,1.151148,8.9
8,64,128,128,0.1,0.0001,0.001,4,1.136702,14.5
8,64,128,128,0.2,0.001,0.0001,2,1.243971,6.3
8,64,128,128,0.2,0.001,0.0001,4,1.191683,4.2
8,64,128,128,0.2,0.001,0.001,2,1.211584,6.0
8,64,128,128,0.2,0.001,0.001,4,1.210728,8.8
8,64,128,128,0.2,0.0005,0.0001,2,1.187639,9.3
8,64,128,128,0.2,0.0005,0.0001,4,1.203642,9.4
8,64,128,128,0.2,0.0005,0.001,2,1.159642,8.2
8,64,128,128,0.2,0.0005,0.001,4,1.166935,7.1
8,64,128,128,0.2,0.0001,0.0001,2,1.151736,20.0
8,64,128,128,0.2,0.0001,0.0001,4,1.14856,12.8
8,64,128,128,0.2,0.0001,0.001,2,1.142042,7.8
8,64,128,128,0.2,0.0001,0.001,4,1.146451,8.9
8,64,128,128,0.3,0.001,0.0001,2,1.262976,8.1
8,64,128,128,0.3,0.001,0.0001,4,1.17948,10.7
8,64,128,128,0.3,0.001,0.001,2,1.218633,11.1
8,64,128,128,0.3,0.001,0.001,4,1.220544,9.6
8,64,128,128,0.3,0.0005,0.0001,2,1.167984,8.3
8,64,128,128,0.3,0.0005,0.0001,4,1.179385,9.5
8,64,128,128,0.3,0.0005,0.001,2,1.216263,7.0
8,64,128,128,0.3,0.0005,0.001,4,1.174873,8.5
8,64,128,128,0.3,0.0001,0.0001,2,1.143212,11.1
8,64,128,128,0.3,0.0001,0.0001,4,1.149638,24.8
8,64,128,128,0.3,0.0001,0.001,2,1.144938,16.7
8,64,128,128,0.3,0.0001,0.001,4,1.142122,15.4
8,64,128,256,0.1,0.001,0.0001,2,1.21644,9.2
8,64,128,256,0.1,0.001,0.0001,4,1.19945,10.1
8,64,128,256,0.1,0.001,0.001,2,1.191684,8.3
8,64,128,256,0.1,0.001,0.001,4,1.157821,11.1
8,64,128,256,0.1,0.0005,0.0001,2,1.14392,8.5
8,64,128,256,0.1,0.0005,0.0001,4,1.146114,28.3
8,64,128,256,0.1,0.0005,0.001,2,1.158064,9.0
8,64,128,256,0.1,0.0005,0.001,4,1.182855,7.9
8,64,128,256,0.1,0.0001,0.0001,2,1.144606,9.8
8,64,128,256,0.1,0.0001,0.0001,4,1.14088,10.1
8,64,128,256,0.1,0.0001,0.001,2,1.138881,8.6
8,64,128,256,0.1,0.0001,0.001,4,1.147147,12.9
8,64,128,256,0.2,0.001,0.0001,2,1.266633,8.5
8,64,128,256,0.2,0.001,0.0001,4,1.196163,11.0
8,64,128,256,0.2,0.001,0.001,2,1.196566,10.4
8,64,128,256,0.2,0.001,0.001,4,1.221629,9.1
8,64,128,256,0.2,0.0005,0.0001,2,1.215244,10.7
8,64,128,256,0.2,0.0005,0.0001,4,1.1669,8.5
8,64,128,256,0.2,0.0005,0.001,2,1.237088,10.0
8,64,128,256,0.2,0.0005,0.001,4,1.193453,6.5
8,64,128,256,0.2,0.0001,0.0001,2,1.139172,16.2
8,64,128,256,0.2,0.0001,0.0001,4,1.145604,11.1
8,64,128,256,0.2,0.0001,0.001,2,1.142497,11.2
8,64,128,256,0.2,0.0001,0.001,4,1.136769,6.6
8,64,128,256,0.3,0.001,0.0001,2,1.239317,10.8
8,64,128,256,0.3,0.001,0.0001,4,1.178651,9.5
8,64,128,256,0.3,0.001,0.001,2,1.266933,8.4
8,64,128,256,0.3,0.001,0.001,4,1.192929,7.3
8,64,128,256,0.3,0.0005,0.0001,2,1.187122,8.1
8,64,128,256,0.3,0.0005,0.0001,4,1.201187,10.1
8,64,128,256,0.3,0.0005,0.001,2,1.174144,8.0
8,64,128,256,0.3,0.0005,0.001,4,1.174634,10.3
8,64,128,256,0.3,0.0001,0.0001,2,1.139637,9.5
8,64,128,256,0.3,0.0001,0.0001,4,1.145607,13.7
8,64,128,256,0.3,0.0001,0.001,2,1.144899,11.8
8,64,128,256,0.3,0.0001,0.001,4,1.142401,10.1
8,128,64,128,0.1,0.001,0.0001,2,1.246686,7.5
8,128,64,128,0.1,0.001,0.0001,4,1.291469,6.8
8,128,64,128,0.1,0.001,0.001,2,1.176539,5.9
8,128,64,128,0.1,0.001,0.001,4,1.227954,8.2
8,128,64,128,0.1,0.0005,0.0001,2,1.191049,6.7
8,128,64,128,0.1,0.0005,0.0001,4,1.168692,9.8
8,128,64,128,0.1,0.0005,0.001,2,1.181746,10.0
8,128,64,128,0.1,0.0005,0.001,4,1.159417,10.0
8,128,64,128,0.1,0.0001,0.0001,2,1.138671,6.7
8,128,64,128,0.1,0.0001,0.0001,4,1.14109,6.0
8,128,64,128,0.1,0.0001,0.001,2,1.137171,6.3
8,128,64,128,0.1,0.0001,0.001,4,1.149928,8.0
8,128,64,128,0.2,0.001,0.0001,2,1.200972,4.6
8,128,64,128,0.2,0.001,0.0001,4,1.218045,5.5
8,128,64,128,0.2,0.001,0.001,2,1.265565,6.6
8,128,64,128,0.2,0.001,0.001,4,1.204509,6.6
8,128,64,128,0.2,0.0005,0.0001,2,1.176365,9.0
8,128,64,128,0.2,0.0005,0.0001,4,1.193736,10.8
8,128,64,128,0.2,0.0005,0.001,2,1.184533,9.4
8,128,64,128,0.2,0.0005,0.001,4,1.204733,10.7
8,128,64,128,0.2,0.0001,0.0001,2,1.149969,16.2
8,128,64,128,0.2,0.0001,0.0001,4,1.144401,14.2
8,128,64,128,0.2,0.0001,0.001,2,1.154635,15.0
8,128,64,128,0.2,0.0001,0.001,4,1.14688,14.5
8,128,64,128,0.3,0.001,0.0001,2,1.205572,6.0
8,128,64,128,0.3,0.001,0.0001,4,1.190404,13.6
8,128,64,128,0.3,0.001,0.001,2,1.285347,11.2
8,128,64,128,0.3,0.001,0.001,4,1.199677,9.3
8,128,64,128,0.3,0.0005,0.0001,2,1.178831,5.9
8,128,64,128,0.3,0.0005,0.0001,4,1.203654,6.2
8,128,64,128,0.3,0.0005,0.001,2,1.163523,6.0
8,128,64,128,0.3,0.0005,0.001,4,1.171733,6.2
8,128,64,128,0.3,0.0001,0.0001,2,1.137573,10.8
8,128,64,128,0.3,0.0001,0.0001,4,1.145215,17.8
8,128,64,128,0.3,0.0001,0.001,2,1.147749,15.1
8,128,64,128,0.3,0.0001,0.001,4,1.143931,17.3
8,128,64,256,0.1,0.001,0.0001,2,1.176282,14.2
8,128,64,256,0.1,0.001,0.0001,4,1.192767,16.6
8,128,64,256,0.1,0.001,0.001,2,1.168825,15.7
8,128,64,256,0.1,0.001,0.001,4,1.175404,15.8
8,128,64,256,0.1,0.0005,0.0001,2,1.188397,9.6
8,128,64,256,0.1,0.0005,0.0001,4,1.238158,14.5
8,128,64,256,0.1,0.0005,0.001,2,1.182664,11.7
8,128,64,256,0.1,0.0005,0.001,4,1.218127,13.7
8,128,64,256,0.1,0.0001,0.0001,2,1.147883,19.9
8,128,64,256,0.1,0.0001,0.0001,4,1.140019,9.9
8,128,64,256,0.1,0.0001,0.001,2,1.147294,7.0
8,128,64,256,0.1,0.0001,0.001,4,1.144939,10.0
8,128,64,256,0.2,0.001,0.0001,2,1.220452,5.6
8,128,64,256,0.2,0.001,0.0001,4,1.218081,9.5
8,128,64,256,0.2,0.001,0.001,2,1.184822,10.8
8,128,64,256,0.2,0.001,0.001,4,1.202041,8.1
8,128,64,256,0.2,0.0005,0.0001,2,1.190209,7.5
8,128,64,256,0.2,0.0005,0.0001,4,1.189558,10.8
8,128,64,256,0.2,0.0005,0.001,2,1.175504,9.5
8,128,64,256,0.2,0.0005,0.001,4,1.189691,10.9
8,128,64,256,0.2,0.0001,0.0001,2,1.141655,6.5
8,128,64,256,0.2,0.0001,0.0001,4,1.150639,14.4
8,128,64,256,0.2,0.0001,0.001,2,1.14067,8.8
8,128,64,256,0.2,0.0001,0.001,4,1.144012,18.8
8,128,64,256,0.3,0.001,0.0001,2,1.249183,7.0
8,128,64,256,0.3,0.001,0.0001,4,1.193718,8.2
8,128,64,256,0.3,0.001,0.001,2,1.240233,8.0
8,128,64,256,0.3,0.001,0.001,4,1.187254,10.5
8,128,64,256,0.3,0.0005,0.0001,2,1.164621,9.8
8,128,64,256,0.3,0.0005,0.0001,4,1.217166,9.0
8,128,64,256,0.3,0.0005,0.001,2,1.163189,8.7
8,128,64,256,0.3,0.0005,0.001,4,1.212202,8.6
8,128,64,256,0.3,0.0001,0.0001,2,1.140362,18.9
8,128,64,256,0.3,0.0001,0.0001,4,1.148225,18.2
8,128,64,256,0.3,0.0001,0.001,2,1.147786,11.1
8,128,64,256,0.3,0.0001,0.001,4,1.135495,10.9
8,128,128,128,0.1,0.001,0.0001,2,1.235198,10.6
8,128,128,128,0.1,0.001,0.0001,4,1.198536,11.0
8,128,128,128,0.1,0.001,0.001,2,1.169335,10.6
8,128,128,128,0.1,0.001,0.001,4,1.198483,10.3
8,128,128,128,0.1,0.0005,0.0001,2,1.21556,10.8
8,128,128,128,0.1,0.0005,0.0001,4,1.223848,10.4
8,128,128,128,0.1,0.0005,0.001,2,1.17336,7.8
8,128,128,128,0.1,0.0005,0.001,4,1.141684,11.1
8,128,128,128,0.1,0.0001,0.0001,2,1.142767,6.7
8,128,128,128,0.1,0.0001,0.0001,4,1.156513,8.3
8,128,128,128,0.1,0.0001,0.001,2,1.153013,6.9
8,128,128,128,0.1,0.0001,0.001,4,1.142787,6.8
8,128,128,128,0.2,0.001,0.0001,2,1.228903,9.1
8,128,128,128,0.2,0.001,0.0001,4,1.187131,11.6
8,128,128,128,0.2,0.001,0.001,2,1.15366,11.1
8,128,128,128,0.2,0.001,0.001,4,1.224466,11.5
8,128,128,128,0.2,0.0005,0.0001,2,1.15554,7.8
8,128,128,128,0.2,0.0005,0.0001,4,1.198614,6.7
8,128,128,128,0.2,0.0005,0.001,2,1.200338,7.5
8,128,128,128,0.2,0.0005,0.001,4,1.177889,7.4
8,128,128,128,0.2,0.0001,0.0001,2,1.155239,6.4
8,128,128,128,0.2,0.0001,0.0001,4,1.139213,6.2
8,128,128,128,0.2,0.0001,0.001,2,1.145269,5.9
8,128,128,128,0.2,0.0001,0.001,4,1.153364,8.4
8,128,128,128,0.3,0.001,0.0001,2,1.193501,5.3
8,128,128,128,0.3,0.001,0.0001,4,1.221581,6.4
8,128,128,128,0.3,0.001,0.001,2,1.222367,8.2
8,128,128,128,0.3,0.001,0.001,4,1.176953,11.9
8,128,128,128,0.3,0.0005,0.0001,2,1.188739,14.1
8,128,128,128,0.3,0.0005,0.0001,4,1.193115,6.7
8,128,128,128,0.3,0.0005,0.001,2,1.195051,6.2
8,128,128,128,0.3,0.0005,0.001,4,1.192784,5.6
8,128,128,128,0.3,0.0001,0.0001,2,1.141695,7.0
8,128,128,128,0.3,0.0001,0.0001,4,1.150154,7.8
8,128,128,128,0.3,0.0001,0.001,2,1.150101,7.1
8,128,128,128,0.3,0.0001,0.001,4,1.151359,7.4
8,128,128,256,0.1,0.001,0.0001,2,1.181304,5.6
8,128,128,256,0.1,0.001,0.0001,4,1.302044,5.9
8,128,128,256,0.1,0.001,0.001,2,1.220271,6.1
8,128,128,256,0.1,0.001,0.001,4,1.174664,6.4
8,128,128,256,0.1,0.0005,0.0001,2,1.168565,5.8
8,128,128,256,0.1,0.0005,0.0001,4,1.202406,6.0
8,128,128,256,0.1,0.0005,0.001,2,1.2167,6.6
8,128,128,256,0.1,0.0005,0.001,4,1.174958,6.5
8,128,128,256,0.1,0.0001,0.0001,2,1.159203,9.8
8,128,128,256,0.1,0.0001,0.0001,4,1.15755,9.0
8,128,128,256,0.1,0.0001,0.001,2,1.145846,6.9
8,128,128,256,0.1,0.0001,0.001,4,1.151736,11.4
8,128,128,256,0.2,0.001,0.0001,2,1.222366,7.8
8,128,128,256,0.2,0.001,0.0001,4,1.250059,9.4
8,128,128,256,0.2,0.001,0.001,2,1.199148,9.5
8,128,128,256,0.2,0.001,0.001,4,1.232775,8.0
8,128,128,256,0.2,0.0005,0.0001,2,1.18698,11.7
8,128,128,256,0.2,0.0005,0.0001,4,1.172487,9.5
8,128,128,256,0.2,0.0005,0.001,2,1.191003,10.1
8,128,128,256,0.2,0.0005,0.001,4,1.145862,8.2
8,128,128,256,0.2,0.0001,0.0001,2,1.144129,11.0
8,128,128,256,0.2,0.0001,0.0001,4,1.144541,7.5
8,128,128,256,0.2,0.0001,0.001,2,1.153926,7.1
8,128,128,256,0.2,0.0001,0.001,4,1.147019,11.0
8,128,128,256,0.3,0.001,0.0001,2,1.219373,7.8
8,128,128,256,0.3,0.001,0.0001,4,1.247954,8.8
8,128,128,256,0.3,0.001,0.001,2,1.25549,7.6
8,128,128,256,0.3,0.001,0.001,4,1.224395,7.6
8,128,128,256,0.3,0.0005,0.0001,2,1.210653,6.7
8,128,128,256,0.3,0.0005,0.0001,4,1.193988,7.2
8,128,128,256,0.3,0.0005,0.001,2,1.188728,6.3
8,128,128,256,0.3,0.0005,0.001,4,1.194998,8.8
8,128,128,256,0.3,0.0001,0.0001,2,1.146728,6.5
8,128,128,256,0.3,0.0001,0.0001,4,1.137505,11.4
8,128,128,256,0.3,0.0001,0.001,2,1.140416,10.9
8,128,128,256,0.3,0.0001,0.001,4,1.14438,9.4
8,256,64,128,0.1,0.001,0.0001,2,1.220781,5.5
8,256,64,128,0.1,0.001,0.0001,4,1.14573,8.4
8,256,64,128,0.1,0.001,0.001,2,1.184135,13.1
8,256,64,128,0.1,0.001,0.001,4,1.19204,9.5
8,256,64,128,0.1,0.0005,0.0001,2,1.166851,7.1
8,256,64,128,0.1,0.0005,0.0001,4,1.201392,11.5
8,256,64,128,0.1,0.0005,0.001,2,1.209491,8.5
8,256,64,128,0.1,0.0005,0.001,4,1.219501,7.6
8,256,64,128,0.1,0.0001,0.0001,2,1.159819,7.5
8,256,64,128,0.1,0.0001,0.0001,4,1.151839,8.2
8,256,64,128,0.1,0.0001,0.001,2,1.166139,9.6
8,256,64,128,0.1,0.0001,0.001,4,1.159236,10.4
8,256,64,128,0.2,0.001,0.0001,2,1.144242,5.4
8,256,64,128,0.2,0.001,0.0001,4,1.174293,5.7
8,256,64,128,0.2,0.001,0.001,2,1.170912,4.6
8,256,64,128,0.2,0.001,0.001,4,1.16863,5.4
8,256,64,128,0.2,0.0005,0.0001,2,1.167573,5.7
8,256,64,128,0.2,0.0005,0.0001,4,1.189904,5.4
8,256,64,128,0.2,0.0005,0.001,2,1.175443,5.3
8,256,64,128,0.2,0.0005,0.001,4,1.213454,5.9
8,256,64,128,0.2,0.0001,0.0001,2,1.14606,5.1
8,256,64,128,0.2,0.0001,0.0001,4,1.149627,7.4
8,256,64,128,0.2,0.0001,0.001,2,1.158966,6.3
8,256,64,128,0.2,0.0001,0.001,4,1.149316,5.5
8,256,64,128,0.3,0.001,0.0001,2,1.258456,8.0
8,256,64,128,0.3,0.001,0.0001,4,1.184363,6.0
8,256,64,128,0.3,0.001,0.001,2,1.1609,5.6
8,256,64,128,0.3,0.001,0.001,4,1.200195,7.0
8,256,64,128,0.3,0.0005,0.0001,2,1.231026,6.1
8,256,64,128,0.3,0.0005,0.0001,4,1.196976,5.7
8,256,64,128,0.3,0.0005,0.001,2,1.21984,7.3
8,256,64,128,0.3,0.0005,0.001,4,1.181875,7.4
8,256,64,128,0.3,0.0001,0.0001,2,1.158349,10.2
8,256,64,128,0.3,0.0001,0.0001,4,1.13715,10.9
8,256,64,128,0.3,0.0001,0.001,2,1.147494,11.7
8,256,64,128,0.3,0.0001,0.001,4,1.144538,10.1
8,256,64,256,0.1,0.001,0.0001,2,1.190875,10.6
8,256,64,256,0.1,0.001,0.0001,4,1.165666,12.2
8,256,64,256,0.1,0.001,0.001,2,1.22905,12.4
8,256,64,256,0.1,0.001,0.001,4,1.211771,12.2
8,256,64,256,0.1,0.0005,0.0001,2,1.207486,12.7
8,256,64,256,0.1,0.0005,0.0001,4,1.201933,14.1
8,256,64,256,0.1,0.0005,0.001,2,1.201666,11.4
8,256,64,256,0.1,0.0005,0.001,4,1.203867,12.1
8,256,64,256,0.1,0.0001,0.0001,2,1.180455,10.5
8,256,64,256,0.1,0.0001,0.0001,4,1.15756,8.7
8,256,64,256,0.1,0.0001,0.001,2,1.154319,7.6
8,256,64,256,0.1,0.0001,0.001,4,1.156471,14.7
8,256,64,256,0.2,0.001,0.0001,2,1.25524,12.6
8,256,64,256,0.2,0.001,0.0001,4,1.250143,13.2
8,256,64,256,0.2,0.001,0.001,2,1.24123,12.1
8,256,64,256,0.2,0.001,0.001,4,1.141168,12.4
8,256,64,256,0.2,0.0005,0.0001,2,1.182875,12.0
8,256,64,256,0.2,0.0005,0.0001,4,1.190586,11.9
8,256,64,256,0.2,0.0005,0.001,2,1.248519,12.1
8,256,64,256,0.2,0.0005,0.001,4,1.190103,13.8
8,256,64,256,0.2,0.0001,0.0001,2,1.138095,12.8
8,256,64,256,0.2,0.0001,0.0001,4,1.150407,14.4
8,256,64,256,0.2,0.0001,0.001,2,1.145531,11.7
8,256,64,256,0.2,0.0001,0.001,4,1.157157,11.7
8,256,64,256,0.3,0.001,0.0001,2,1.162326,8.9
8,256,64,256,0.3,0.001,0.0001,4,1.198852,9.0
8,256,64,256,0.3,0.001,0.001,2,1.166415,9.2
8,256,64,256,0.3,0.001,0.001,4,1.19535,9.9
8,256,64,256,0.3,0.0005,0.0001,2,1.183251,10.5
8,256,64,256,0.3,0.0005,0.0001,4,1.221393,11.5
8,256,64,256,0.3,0.0005,0.001,2,1.196906,14.8
8,256,64,256,0.3,0.0005,0.001,4,1.207414,14.3
8,256,64,256,0.3,0.0001,0.0001,2,1.144512,13.4
8,256,64,256,0.3,0.0001,0.0001,4,1.157975,17.1
8,256,64,256,0.3,0.0001,0.001,2,1.157897,13.6
8,256,64,256,0.3,0.0001,0.001,4,1.15014,6.2
8,256,128,128,0.1,0.001,0.0001,2,1.239273,7.1
8,256,128,128,0.1,0.001,0.0001,4,1.240593,6.8
8,256,128,128,0.1,0.001,0.001,2,1.244395,6.0
8,256,128,128,0.1,0.001,0.001,4,1.185809,7.5
8,256,128,128,0.1,0.0005,0.0001,2,1.186761,6.9
8,256,128,128,0.1,0.0005,0.0001,4,1.174645,6.6
8,256,128,128,0.1,0.0005,0.001,2,1.163275,9.3
8,256,128,128,0.1,0.0005,0.001,4,1.171149,13.6
8,256,128,128,0.1,0.0001,0.0001,2,1.164259,14.5
8,256,128,128,0.1,0.0001,0.0001,4,1.162688,15.9
8,256,128,128,0.1,0.0001,0.001,2,1.162818,16.2
8,256,128,128,0.1,0.0001,0.001,4,1.160387,15.6
8,256,128,128,0.2,0.001,0.0001,2,1.176073,11.9
8,256,128,128,0.2,0.001,0.0001,4,1.208311,7.8
8,256,128,128,0.2,0.001,0.001,2,1.280947,7.8
8,256,128,128,0.2,0.001,0.001,4,1.204143,8.4
8,256,128,128,0.2,0.0005,0.0001,2,1.198509,8.0
8,256,128,128,0.2,0.0005,0.0001,4,1.204206,7.1
8,256,128,128,0.2,0.0005,0.001,2,1.224542,7.6
8,256,128,128,0.2,0.0005,0.001,4,1.180453,7.2
8,256,128,128,0.2,0.0001,0.0001,2,1.142681,6.6
8,256,128,128,0.2,0.0001,0.0001,4,1.146496,9.8
8,256,128,128,0.2,0.0001,0.001,2,1.157069,8.8
8,256,128,128,0.2,0.0001,0.001,4,1.164764,16.0
8,256,128,128,0.3,0.001,0.0001,2,1.227877,9.2
8,256,128,128,0.3,0.001,0.0001,4,1.207898,11.1
8,256,128,128,0.3,0.001,0.001,2,1.22941,11.4
8,256,128,128,0.3,0.001,0.001,4,1.258802,16.1
8,256,128,128,0.3,0.0005,0.0001,2,1.183468,9.0
8,256,128,128,0.3,0.0005,0.0001,4,1.188236,11.2
8,256,128,128,0.3,0.0005,0.001,2,1.209531,8.0
8,256,128,128,0.3,0.0005,0.001,4,1.169668,10.1
8,256,128,128,0.3,0.0001,0.0001,2,1.161035,13.7
8,256,128,128,0.3,0.0001,0.0001,4,1.156348,10.0
8,256,128,128,0.3,0.0001,0.001,2,1.155258,10.2
8,256,128,128,0.3,0.0001,0.001,4,1.144597,9.0
8,256,128,256,0.1,0.001,0.0001,2,1.191634,9.9
8,256,128,256,0.1,0.001,0.0001,4,1.167715,11.0
8,256,128,256,0.1,0.001,0.001,2,1.188278,7.9
8,256,128,256,0.1,0.001,0.001,4,1.157871,9.6
8,256,128,256,0.1,0.0005,0.0001,2,1.197814,9.0
8,256,128,256,0.1,0.0005,0.0001,4,1.153646,9.8
8,256,128,256,0.1,0.0005,0.001,2,1.208756,10.1
8,256,128,256,0.1,0.0005,0.001,4,1.172239,11.3
8,256,128,256,0.1,0.0001,0.0001,2,1.154316,7.4
8,256,128,256,0.1,0.0001,0.0001,4,1.161999,10.9
8,256,128,256,0.1,0.0001,0.001,2,1.173694,11.8
8,256,128,256,0.1,0.0001,0.001,4,1.164392,10.7
8,256,128,256,0.2,0.001,0.0001,2,1.172104,10.1
8,256,128,256,0.2,0.001,0.0001,4,1.176618,9.3
8,256,128,256,0.2,0.001,0.001,2,1.176623,9.1
8,256,128,256,0.2,0.001,0.001,4,1.210635,9.4
8,256,128,256,0.2,0.0005,0.0001,2,1.19028,10.1
8,256,128,256,0.2,0.0005,0.0001,4,1.177147,8.8
8,256,128,256,0.2,0.0005,0.001,2,1.212082,8.4
8,256,128,256,0.2,0.0005,0.001,4,1.186607,10.4
8,256,128,256,0.2,0.0001,0.0001,2,1.169904,17.1
8,256,128,256,0.2,0.0001,0.0001,4,1.159026,14.2
8,256,128,256,0.2,0.0001,0.001,2,1.159135,13.7
8,256,128,256,0.2,0.0001,0.001,4,1.154732,17.5
8,256,128,256,0.3,0.001,0.0001,2,1.318621,16.9
8,256,128,256,0.3,0.001,0.0001,4,1.158949,15.6
8,256,128,256,0.3,0.001,0.001,2,1.254715,13.1
8,256,128,256,0.3,0.001,0.001,4,1.259027,15.5
8,256,128,256,0.3,0.0005,0.0001,2,1.203173,12.9
8,256,128,256,0.3,0.0005,0.0001,4,1.187777,12.4
8,256,128,256,0.3,0.0005,0.001,2,1.193106,14.0
8,256,128,256,0.3,0.0005,0.001,4,1.185392,13.2
8,256,128,256,0.3,0.0001,0.0001,2,1.163814,18.5
8,256,128,256,0.3,0.0001,0.0001,4,1.151816,18.6
8,256,128,256,0.3,0.0001,0.001,2,1.15538,14.5
8,256,128,256,0.3,0.0001,0.001,4,1.144119,13.0
12,64,64,128,0.1,0.001,0.0001,2,1.250923,6.1
12,64,64,128,0.1,0.001,0.0001,4,1.211441,6.1
12,64,64,128,0.1,0.001,0.001,2,1.286902,7.7
12,64,64,128,0.1,0.001,0.001,4,1.25446,6.5
12,64,64,128,0.1,0.0005,0.0001,2,1.223214,4.5
12,64,64,128,0.1,0.0005,0.0001,4,1.234324,5.0
12,64,64,128,0.1,0.0005,0.001,2,1.243274,5.1
12,64,64,128,0.1,0.0005,0.001,4,1.242811,5.2
12,64,64,128,0.1,0.0001,0.0001,2,1.198667,8.4
12,64,64,128,0.1,0.0001,0.0001,4,1.206881,9.8
12,64,64,128,0.1,0.0001,0.001,2,1.194262,8.3
12,64,64,128,0.1,0.0001,0.001,4,1.193332,7.5
12,64,64,128,0.2,0.001,0.0001,2,1.28697,4.5
12,64,64,128,0.2,0.001,0.0001,4,1.248783,4.9
12,64,64,128,0.2,0.001,0.001,2,1.235759,5.2
12,64,64,128,0.2,0.001,0.001,4,1.337646,4.4
12,64,64,128,0.2,0.0005,0.0001,2,1.219683,4.3
12,64,64,128,0.2,0.0005,0.0001,4,1.230486,5.1
12,64,64,128,0.2,0.0005,0.001,2,1.227453,4.7
12,64,64,128,0.2,0.0005,0.001,4,1.200753,4.4
12,64,64,128,0.2,0.0001,0.0001,2,1.189719,4.9
12,64,64,128,0.2,0.0001,0.0001,4,1.196557,4.5
12,64,64,128,0.2,0.0001,0.001,2,1.191613,14.2
12,64,64,128,0.2,0.0001,0.001,4,1.185108,14.4
12,64,64,128,0.3,0.001,0.0001,2,1.240393,6.6
12,64,64,128,0.3,0.001,0.0001,4,1.253068,11.4
12,64,64,128,0.3,0.001,0.001,2,1.214292,8.9
12,64,64,128,0.3,0.001,0.001,4,1.26649,9.5
12,64,64,128,0.3,0.0005,0.0001,2,1.208142,5.3
12,64,64,128,0.3,0.0005,0.0001,4,1.196557,7.2
12,64,64,128,0.3,0.0005,0.001,2,1.224763,5.1
12,64,64,128,0.3,0.0005,0.001,4,1.229378,4.3
12,64,64,128,0.3,0.0001,0.0001,2,1.193603,10.8
12,64,64,128,0.3,0.0001,0.0001,4,1.203356,10.3
12,64,64,128,0.3,0.0001,0.001,2,1.18855,6.2
12,64,64,128,0.3,0.0001,0.001,4,1.198569,7.4
12,64,64,256,0.1,0.001,0.0001,2,1.260957,6.8
12,64,64,256,0.1,0.001,0.0001,4,1.277396,6.8
12,64,64,256,0.1,0.001,0.001,2,1.312436,8.6
12,64,64,256,0.1,0.001,0.001,4,1.301511,8.2
12,64,64,256,0.1,0.0005,0.0001,2,1.30429,7.3
12,64,64,256,0.1,0.0005,0.0001,4,1.242694,8.3
12,64,64,256,0.1,0.0005,0.001,2,1.198793,9.9
12,64,64,256,0.1,0.0005,0.001,4,1.221517,6.8
12,64,64,256,0.1,0.0001,0.0001,2,1.195398,7.2
12,64,64,256,0.1,0.0001,0.0001,4,1.201813,10.4
12,64,64,256,0.1,0.0001,0.001,2,1.189191,4.5
12,64,64,256,0.1,0.0001,0.001,4,1.186226,5.4
12,64,64,256,0.2,0.001,0.0001,2,1.266179,5.0
12,64,64,256,0.2,0.001,0.0001,4,1.26183,5.8
12,64,64,256,0.2,0.001,0.001,2,1.291206,5.2
12,64,64,256,0.2,0.001,0.001,4,1.299001,6.4
12,64,64,256,0.2,0.0005,0.0001,2,1.239794,6.5
12,64,64,256,0.2,0.0005,0.0001,4,1.293654,9.5
12,64,64,256,0.2,0.0005,0.001,2,1.214752,8.3
12,64,64,256,0.2,0.0005,0.001,4,1.226596,9.0
12,64,64,256,0.2,0.0001,0.0001,2,1.205403,13.2
12,64,64,256,0.2,0.0001,0.0001,4,1.210855,9.0
12,64,64,256,0.2,0.0001,0.001,2,1.180439,5.4
12,64,64,256,0.2,0.0001,0.001,4,1.20112,7.7
12,64,64,256,0.3,0.001,0.0001,2,1.241184,3.6
12,64,64,256,0.3,0.001,0.0001,4,1.270726,4.1
12,64,64,256,0.3,0.001,0.001,2,1.308611,3.8
12,64,64,256,0.3,0.001,0.001,4,1.337508,3.9
12,64,64,256,0.3,0.0005,0.0001,2,1.22352,3.5
12,64,64,256,0.3,0.0005,0.0001,4,1.232088,4.7
12,64,64,256,0.3,0.0005,0.001,2,1.227057,4.6
12,64,64,256,0.3,0.0005,0.001,4,1.217731,4.6
12,64,64,256,0.3,0.0001,0.0001,2,1.192396,4.8
12,64,64,256,0.3,0.0001,0.0001,4,1.197571,8.2
12,64,64,256,0.3,0.0001,0.001,2,1.193817,5.0
12,64,64,256,0.3,0.0001,0.001,4,1.193031,6.6
12,64,128,128,0.1,0.001,0.0001,2,1.360473,4.2
12,64,128,128,0.1,0.001,0.0001,4,1.240214,4.8
12,64,128,128,0.1,0.001,0.001,2,1.222171,4.3
12,64,128,128,0.1,0.001,0.001,4,1.2567,5.3
12,64,128,128,0.1,0.0005,0.0001,2,1.222728,4.4
12,64,128,128,0.1,0.0005,0.0001,4,1.245462,5.6
12,64,128,128,0.1,0.0005,0.001,2,1.231221,7.0
12,64,128,128,0.1,0.0005,0.001,4,1.281367,7.3
12,64,128,128,0.1,0.0001,0.0001,2,1.192199,17.5
12,64,128,128,0.1,0.0001,0.0001,4,1.217049,8.6
12,64,128,128,0.1,0.0001,0.001,2,1.202403,4.2
12,64,128,128,0.1,0.0001,0.001,4,1.197015,5.4
12,64,128,128,0.2,0.001,0.0001,2,1.221363,4.9
12,64,128,128,0.2,0.001,0.0001,4,1.249155,4.9
12,64,128,128,0.2,0.001,0.001,2,1.256453,5.2
12,64,128,128,0.2,0.001,0.001,4,1.222216,4.6
12,64,128,128,0.2,0.0005,0.0001,2,1.233531,4.6
12,64,128,128,0.2,0.0005,0.0001,4,1.223657,6.5
12,64,128,128,0.2,0.0005,0.001,2,1.255755,4.4
12,64,128,128,0.2,0.0005,0.001,4,1.244846,5.3
12,64,128,128,0.2,0.0001,0.0001,2,1.203771,4.5
12,64,128,128,0.2,0.0001,0.0001,4,1.194193,4.7
12,64,128,128,0.2,0.0001,0.001,2,1.193559,4.5
12,64,128,128,0.2,0.0001,0.001,4,1.196205,4.7
12,64,128,128,0.3,0.001,0.0001,2,1.254561,5.5
12,64,128,128,0.3,0.001,0.0001,4,1.26906,4.8
12,64,128,128,0.3,0.001,0.001,2,1.257811,3.9
12,64,128,128,0.3,0.001,0.001,4,1.210009,4.7
12,64,128,128,0.3,0.0005,0.0001,2,1.20022,9.1
12,64,128,128,0.3,0.0005,0.0001,4,1.224127,4.6
12,64,128,128,0.3,0.0005,0.001,2,1.247708,4.2
12,64,128,128,0.3,0.0005,0.001,4,1.207098,4.4
12,64,128,128,0.3,0.0001,0.0001,2,1.19196,6.6
12,64,128,128,0.3,0.0001,0.0001,4,1.198396,4.7
12,64,128,128,0.3,0.0001,0.001,2,1.18753,4.2
12,64,128,128,0.3,0.0001,0.001,4,1.199952,4.5
12,64,128,256,0.1,0.001,0.0001,2,1.180755,4.9
12,64,128,256,0.1,0.001,0.0001,4,1.314997,5.5
12,64,128,256,0.1,0.001,0.001,2,1.222343,5.9
12,64,128,256,0.1,0.001,0.001,4,1.26546,5.6
12,64,128,256,0.1,0.0005,0.0001,2,1.267816,5.7
12,64,128,256,0.1,0.0005,0.0001,4,1.228231,6.8
12,64,128,256,0.1,0.0005,0.001,2,1.226509,6.1
12,64,128,256,0.1,0.0005,0.001,4,1.213121,5.7
12,64,128,256,0.1,0.0001,0.0001,2,1.197703,5.1
12,64,128,256,0.1,0.0001,0.0001,4,1.186269,4.9
12,64,128,256,0.1,0.0001,0.001,2,1.207,8.2
12,64,128,256,0.1,0.0001,0.001,4,1.183117,4.9
12,64,128,256,0.2,0.001,0.0001,2,1.212934,5.3
12,64,128,256,0.2,0.001,0.0001,4,1.195289,5.9
12,64,128,256,0.2,0.001,0.001,2,1.216337,5.3
12,64,128,256,0.2,0.001,0.001,4,1.248324,5.8
12,64,128,256,0.2,0.0005,0.0001,2,1.235946,5.1
12,64,128,256,0.2,0.0005,0.0001,4,1.223361,4.9
12,64,128,256,0.2,0.0005,0.001,2,1.194869,6.2
12,64,128,256,0.2,0.0005,0.001,4,1.222278,5.3
12,64,128,256,0.2,0.0001,0.0001,2,1.220494,8.1
12,64,128,256,0.2,0.0001,0.0001,4,1.201401,5.8
12,64,128,256,0.2,0.0001,0.001,2,1.207733,7.0
12,64,128,256,0.2,0.0001,0.001,4,1.189372,5.5
12,64,128,256,0.3,0.001,0.0001,2,1.208924,9.7
12,64,128,256,0.3,0.001,0.0001,4,1.321686,5.1
12,64,128,256,0.3,0.001,0.001,2,1.395903,5.2
12,64,128,256,0.3,0.001,0.001,4,1.332273,5.5
12,64,128,256,0.3,0.0005,0.0001,2,1.23597,5.0
12,64,128,256,0.3,0.0005,0.0001,4,1.222219,5.7
12,64,128,256,0.3,0.0005,0.001,2,1.232922,4.7
12,64,128,256,0.3,0.0005,0.001,4,1.220009,4.9
12,64,128,256,0.3,0.0001,0.0001,2,1.204162,10.9
12,64,128,256,0.3,0.0001,0.0001,4,1.197952,5.6
12,64,128,256,0.3,0.0001,0.001,2,1.205817,7.1
12,64,128,256,0.3,0.0001,0.001,4,1.198006,5.1
12,128,64,128,0.1,0.001,0.0001,2,1.251371,3.6
12,128,64,128,0.1,0.001,0.0001,4,1.25056,3.5
12,128,64,128,0.1,0.001,0.001,2,1.247145,3.6
12,128,64,128,0.1,0.001,0.001,4,1.231424,3.8
12,128,64,128,0.1,0.0005,0.0001,2,1.266432,3.4
12,128,64,128,0.1,0.0005,0.0001,4,1.288294,3.7
12,128,64,128,0.1,0.0005,0.001,2,1.237331,3.3
12,128,64,128,0.1,0.0005,0.001,4,1.261477,4.4
12,128,64,128,0.1,0.0001,0.0001,2,1.208899,5.0
12,128,64,128,0.1,0.0001,0.0001,4,1.212653,3.9
12,128,64,128,0.1,0.0001,0.001,2,1.195404,5.1
12,128,64,128,0.1,0.0001,0.001,4,1.196172,4.0
12,128,64,128,0.2,0.001,0.0001,2,1.19754,3.3
12,128,64,128,0.2,0.001,0.0001,4,1.39293,4.0
12,128,64,128,0.2,0.001,0.001,2,1.286847,4.2
12,128,64,128,0.2,0.001,0.001,4,1.278228,4.1
12,128,64,128,0.2,0.0005,0.0001,2,1.31108,4.5
12,128,64,128,0.2,0.0005,0.0001,4,1.24776,3.8
12,128,64,128,0.2,0.0005,0.001,2,1.253546,3.6
12,128,64,128,0.2,0.0005,0.001,4,1.255782,4.3
12,128,64,128,0.2,0.0001,0.0001,2,1.213048,6.2
12,128,64,128,0.2,0.0001,0.0001,4,1.198422,4.9
12,128,64,128,0.2,0.0001,0.001,2,1.206865,6.1
12,128,64,128,0.2,0.0001,0.001,4,1.203412,6.5
12,128,64,128,0.3,0.001,0.0001,2,1.327056,3.5
12,128,64,128,0.3,0.001,0.0001,4,1.254984,3.9
12,128,64,128,0.3,0.001,0.001,2,1.308316,3.5
12,128,64,128,0.3,0.001,0.001,4,1.206837,4.1
12,128,64,128,0.3,0.0005,0.0001,2,1.244115,3.1
12,128,64,128,0.3,0.0005,0.0001,4,1.230405,4.0
12,128,64,128,0.3,0.0005,0.001,2,1.231787,3.1
12,128,64,128,0.3,0.0005,0.001,4,1.245422,3.7
12,128,64,128,0.3,0.0001,0.0001,2,1.197626,6.3
12,128,64,128,0.3,0.0001,0.0001,4,1.186473,4.9
12,128,64,128,0.3,0.0001,0.001,2,1.19575,4.9
12,128,64,128,0.3,0.0001,0.001,4,1.202055,7.6
12,128,64,256,0.1,0.001,0.0001,2,1.337411,3.9
12,128,64,256,0.1,0.001,0.0001,4,1.299118,4.2
12,128,64,256,0.1,0.001,0.001,2,1.328282,4.0
12,128,64,256,0.1,0.001,0.001,4,1.235636,4.4
12,128,64,256,0.1,0.0005,0.0001,2,1.266029,4.5
12,128,64,256,0.1,0.0005,0.0001,4,1.278,5.1
12,128,64,256,0.1,0.0005,0.001,2,1.304723,3.7
12,128,64,256,0.1,0.0005,0.001,4,1.239561,4.5
12,128,64,256,0.1,0.0001,0.0001,2,1.196165,5.8
12,128,64,256,0.1,0.0001,0.0001,4,1.191532,4.2
12,128,64,256,0.1,0.0001,0.001,2,1.188788,5.1
12,128,64,256,0.1,0.0001,0.001,4,1.205737,6.2
12,128,64,256,0.2,0.001,0.0001,2,1.230486,4.3
12,128,64,256,0.2,0.001,0.0001,4,1.21505,4.2
12,128,64,256,0.2,0.001,0.001,2,1.358298,4.3
12,128,64,256,0.2,0.001,0.001,4,1.378385,4.3
12,128,64,256,0.2,0.0005,0.0001,2,1.283583,4.1
12,128,64,256,0.2,0.0005,0.0001,4,1.2307,4.2
12,128,64,256,0.2,0.0005,0.001,2,1.285256,4.2
12,128,64,256,0.2,0.0005,0.001,4,1.287243,4.6
12,128,64,256,0.2,0.0001,0.0001,2,1.190452,4.3
12,128,64,256,0.2,0.0001,0.0001,4,1.19842,4.8
12,128,64,256,0.2,0.0001,0.001,2,1.185593,3.7
12,128,64,256,0.2,0.0001,0.001,4,1.192307,6.3
12,128,64,256,0.3,0.001,0.0001,2,1.281307,3.8
12,128,64,256,0.3,0.001,0.0001,4,1.319713,4.7
12,128,64,256,0.3,0.001,0.001,2,1.259346,4.4
12,128,64,256,0.3,0.001,0.001,4,1.360329,4.4
12,128,64,256,0.3,0.0005,0.0001,2,1.227705,4.1
12,128,64,256,0.3,0.0005,0.0001,4,1.270721,5.0
12,128,64,256,0.3,0.0005,0.001,2,1.240039,4.7
12,128,64,256,0.3,0.0005,0.001,4,1.246451,4.7
12,128,64,256,0.3,0.0001,0.0001,2,1.193547,5.3
12,128,64,256,0.3,0.0001,0.0001,4,1.197344,8.1
12,128,64,256,0.3,0.0001,0.001,2,1.196999,4.7
12,128,64,256,0.3,0.0001,0.001,4,1.20111,7.3
12,128,128,128,0.1,0.001,0.0001,2,1.214515,4.4
12,128,128,128,0.1,0.001,0.0001,4,1.26035,5.7
12,128,128,128,0.1,0.001,0.001,2,1.200962,4.3
12,128,128,128,0.1,0.001,0.001,4,1.190119,9.4
12,128,128,128,0.1,0.0005,0.0001,2,1.260977,4.8
12,128,128,128,0.1,0.0005,0.0001,4,1.243727,4.5
12,128,128,128,0.1,0.0005,0.001,2,1.203556,4.3
12,128,128,128,0.1,0.0005,0.001,4,1.265278,5.2
12,128,128,128,0.1,0.0001,0.0001,2,1.214413,6.5
12,128,128,128,0.1,0.0001,0.0001,4,1.203914,4.8
12,128,128,128,0.1,0.0001,0.001,2,1.196863,6.7
12,128,128,128,0.1,0.0001,0.001,4,1.202112,8.8
12,128,128,128,0.2,0.001,0.0001,2,1.25078,4.6
12,128,128,128,0.2,0.001,0.0001,4,1.2313,5.3
12,128,128,128,0.2,0.001,0.001,2,1.316158,4.6
12,128,128,128,0.2,0.001,0.001,4,1.316854,5.0
12,128,128,128,0.2,0.0005,0.0001,2,1.253773,5.2
12,128,128,128,0.2,0.0005,0.0001,4,1.241536,5.2
12,128,128,128,0.2,0.0005,0.001,2,1.211131,6.6
12,128,128,128,0.2,0.0005,0.001,4,1.215536,4.9
12,128,128,128,0.2,0.0001,0.0001,2,1.214069,7.9
12,128,128,128,0.2,0.0001,0.0001,4,1.206083,6.2
12,128,128,128,0.2,0.0001,0.001,2,1.202685,4.8
12,128,128,128,0.2,0.0001,0.001,4,1.208838,9.0
12,128,128,128,0.3,0.001,0.0001,2,1.375551,5.4
12,128,128,128,0.3,0.001,0.0001,4,1.343181,5.3
12,128,128,128,0.3,0.001,0.001,2,1.219754,4.1
12,128,128,128,0.3,0.001,0.001,4,1.279023,4.7
12,128,128,128,0.3,0.0005,0.0001,2,1.209797,4.3
12,128,128,128,0.3,0.0005,0.0001,4,1.261745,5.0
12,128,128,128,0.3,0.0005,0.001,2,1.266029,4.8
12,128,128,128,0.3,0.0005,0.001,4,1.245141,5.4
12,128,128,128,0.3,0.0001,0.0001,2,1.195054,4.7
12,128,128,128,0.3,0.0001,0.0001,4,1.194504,4.6
12,128,128,128,0.3,0.0001,0.001,2,1.203668,7.6
12,128,128,128,0.3,0.0001,0.001,4,1.205199,8.7
12,128,128,256,0.1,0.001,0.0001,2,1.271394,5.3
12,128,128,256,0.1,0.001,0.0001,4,1.276667,5.6
12,128,128,256,0.1,0.001,0.001,2,1.219618,5.1
12,128,128,256,0.1,0.001,0.001,4,1.261064,5.4
12,128,128,256,0.1,0.0005,0.0001,2,1.231215,4.9
12,128,128,256,0.1,0.0005,0.0001,4,1.231729,5.8
12,128,128,256,0.1,0.0005,0.001,2,1.284674,5.6
12,128,128,256,0.1,0.0005,0.001,4,1.238254,6.0
12,128,128,256,0.1,0.0001,0.0001,2,1.197982,5.3
12,128,128,256,0.1,0.0001,0.0001,4,1.211397,7.1
12,128,128,256,0.1,0.0001,0.001,2,1.197371,9.9
12,128,128,256,0.1,0.0001,0.001,4,1.209059,9.6
12,128,128,256,0.2,0.001,0.0001,2,1.321842,5.2
12,128,128,256,0.2,0.001,0.0001,4,1.287989,6.3
12,128,128,256,0.2,0.001,0.001,2,1.202634,5.7
12,128,128,256,0.2,0.001,0.001,4,1.221612,7.3
12,128,128,256,0.2,0.0005,0.0001,2,1.279751,5.9
12,128,128,256,0.2,0.0005,0.0001,4,1.309001,7.6
12,128,128,256,0.2,0.0005,0.001,2,1.219247,5.3
12,128,128,256,0.2,0.0005,0.001,4,1.26672,5.9
12,128,128,256,0.2,0.0001,0.0001,2,1.21074,7.1
12,128,128,256,0.2,0.0001,0.0001,4,1.219676,8.9
12,128,128,256,0.2,0.0001,0.001,2,1.197393,7.8
12,128,128,256,0.2,0.0001,0.001,4,1.211649,5.9
12,128,128,256,0.3,0.001,0.0001,2,1.458553,5.1
12,128,128,256,0.3,0.001,0.0001,4,1.286556,5.8
12,128,128,256,0.3,0.001,0.001,2,1.23993,5.9
12,128,128,256,0.3,0.001,0.001,4,1.278591,6.1
12,128,128,256,0.3,0.0005,0.0001,2,1.241778,5.8
12,128,128,256,0.3,0.0005,0.0001,4,1.228357,5.9
12,128,128,256,0.3,0.0005,0.001,2,1.240867,5.4
12,128,128,256,0.3,0.0005,0.001,4,1.251799,5.8
12,128,128,256,0.3,0.0001,0.0001,2,1.205452,11.7
12,128,128,256,0.3,0.0001,0.0001,4,1.220675,9.3
12,128,128,256,0.3,0.0001,0.001,2,1.198308,7.3
12,128,128,256,0.3,0.0001,0.001,4,1.205079,6.1
12,256,64,128,0.1,0.001,0.0001,2,1.288278,4.7
12,256,64,128,0.1,0.001,0.0001,4,1.230134,4.9
12,256,64,128,0.1,0.001,0.001,2,1.280178,4.8
12,256,64,128,0.1,0.001,0.001,4,1.20184,4.9
12,256,64,128,0.1,0.0005,0.0001,2,1.273633,4.8
12,256,64,128,0.1,0.0005,0.0001,4,1.281967,5.6
12,256,64,128,0.1,0.0005,0.001,2,1.285866,4.5
12,256,64,128,0.1,0.0005,0.001,4,1.237568,16.1
12,256,64,128,0.1,0.0001,0.0001,2,1.210877,5.5
12,256,64,128,0.1,0.0001,0.0001,4,1.216275,5.9
12,256,64,128,0.1,0.0001,0.001,2,1.208046,4.7
12,256,64,128,0.1,0.0001,0.001,4,1.221725,8.0
12,256,64,128,0.2,0.001,0.0001,2,1.287816,4.4
12,256,64,128,0.2,0.001,0.0001,4,1.252045,5.0
12,256,64,128,0.2,0.001,0.001,2,1.295825,4.7
12,256,64,128,0.2,0.001,0.001,4,1.260123,5.1
12,256,64,128,0.2,0.0005,0.0001,2,1.258551,4.1
12,256,64,128,0.2,0.0005,0.0001,4,1.250516,4.8
12,256,64,128,0.2,0.0005,0.001,2,1.305622,4.0
12,256,64,128,0.2,0.0005,0.001,4,1.296213,5.0
12,256,64,128,0.2,0.0001,0.0001,2,1.222179,6.8
12,256,64,128,0.2,0.0001,0.0001,4,1.209601,6.9
12,256,64,128,0.2,0.0001,0.001,2,1.204028,4.2
12,256,64,128,0.2,0.0001,0.001,4,1.215893,6.9
12,256,64,128,0.3,0.001,0.0001,2,1.27037,4.6
12,256,64,128,0.3,0.001,0.0001,4,1.24737,5.1
12,256,64,128,0.3,0.001,0.001,2,1.355713,4.5
12,256,64,128,0.3,0.001,0.001,4,1.343058,5.4
12,256,64,128,0.3,0.0005,0.0001,2,1.276382,4.7
12,256,64,128,0.3,0.0005,0.0001,4,1.253144,5.3
12,256,64,128,0.3,0.0005,0.001,2,1.270434,4.5
12,256,64,128,0.3,0.0005,0.001,4,1.253611,5.1
12,256,64,128,0.3,0.0001,0.0001,2,1.202634,5.6
12,256,64,128,0.3,0.0001,0.0001,4,1.212543,6.0
12,256,64,128,0.3,0.0001,0.001,2,1.217449,6.5
12,256,64,128,0.3,0.0001,0.001,4,1.205474,4.7
12,256,64,256,0.1,0.001,0.0001,2,1.300901,5.7
12,256,64,256,0.1,0.001,0.0001,4,1.273578,5.4
12,256,64,256,0.1,0.001,0.001,2,1.315753,5.3
12,256,64,256,0.1,0.001,0.001,4,1.224135,5.0
12,256,64,256,0.1,0.0005,0.0001,2,1.231797,4.9
12,256,64,256,0.1,0.0005,0.0001,4,1.250092,5.1
12,256,64,256,0.1,0.0005,0.001,2,1.288256,5.1
12,256,64,256,0.1,0.0005,0.001,4,1.285946,5.7
12,256,64,256,0.1,0.0001,0.0001,2,1.22361,5.9
12,256,64,256,0.1,0.0001,0.0001,4,1.229729,8.0
12,256,64,256,0.1,0.0001,0.001,2,1.20556,6.1
12,256,64,256,0.1,0.0001,0.001,4,1.208984,6.6
12,256,64,256,0.2,0.001,0.0001,2,1.316731,5.2
12,256,64,256,0.2,0.001,0.0001,4,1.246229,5.4
12,256,64,256,0.2,0.001,0.001,2,1.249049,5.5
12,256,64,256,0.2,0.001,0.001,4,1.257165,5.4
12,256,64,256,0.2,0.0005,0.0001,2,1.252553,5.5
12,256,64,256,0.2,0.0005,0.0001,4,1.27581,5.4
12,256,64,256,0.2,0.0005,0.001,2,1.250287,5.2
12,256,64,256,0.2,0.0005,0.001,4,1.274787,5.2
12,256,64,256,0.2,0.0001,0.0001,2,1.202631,5.5
12,256,64,256,0.2,0.0001,0.0001,4,1.214123,7.9
12,256,64,256,0.2,0.0001,0.001,2,1.210509,6.3
12,256,64,256,0.2,0.0001,0.001,4,1.206875,5.7
12,256,64,256,0.3,0.001,0.0001,2,1.292587,4.9
12,256,64,256,0.3,0.001,0.0001,4,1.252147,5.3
12,256,64,256,0.3,0.001,0.001,2,1.280409,5.2
12,256,64,256,0.3,0.001,0.001,4,1.331742,5.4
12,256,64,256,0.3,0.0005,0.0001,2,1.295961,5.5
12,256,64,256,0.3,0.0005,0.0001,4,1.259332,5.4
12,256,64,256,0.3,0.0005,0.001,2,1.302994,6.0
12,256,64,256,0.3,0.0005,0.001,4,1.277471,5.4
12,256,64,256,0.3,0.0001,0.0001,2,1.211464,7.8
12,256,64,256,0.3,0.0001,0.0001,4,1.216514,7.6
12,256,64,256,0.3,0.0001,0.001,2,1.214843,6.8
12,256,64,256,0.3,0.0001,0.001,4,1.207042,10.1
12,256,128,128,0.1,0.001,0.0001,2,1.224483,5.2
12,256,128,128,0.1,0.001,0.0001,4,1.280374,6.1
12,256,128,128,0.1,0.001,0.001,2,1.235363,11.4
12,256,128,128,0.1,0.001,0.001,4,1.230598,5.9
12,256,128,128,0.1,0.0005,0.0001,2,1.265907,5.7
12,256,128,128,0.1,0.0005,0.0001,4,1.218897,6.1
12,256,128,128,0.1,0.0005,0.001,2,1.266711,6.2
12,256,128,128,0.1,0.0005,0.001,4,1.268969,7.4
12,256,128,128,0.1,0.0001,0.0001,2,1.243135,8.3
12,256,128,128,0.1,0.0001,0.0001,4,1.218134,7.1
12,256,128,128,0.1,0.0001,0.001,2,1.204487,6.2
12,256,128,128,0.1,0.0001,0.001,4,1.220929,10.0
12,256,128,128,0.2,0.001,0.0001,2,1.221789,6.1
12,256,128,128,0.2,0.001,0.0001,4,1.283908,10.8
12,256,128,128,0.2,0.001,0.001,2,1.244655,5.4
12,256,128,128,0.2,0.001,0.001,4,1.22752,6.7
12,256,128,128,0.2,0.0005,0.0001,2,1.245603,5.9
12,256,128,128,0.2,0.0005,0.0001,4,1.259993,5.9
12,256,128,128,0.2,0.0005,0.001,2,1.267645,5.5
12,256,128,128,0.2,0.0005,0.001,4,1.3137,6.2
12,256,128,128,0.2,0.0001,0.0001,2,1.204844,6.4
12,256,128,128,0.2,0.0001,0.0001,4,1.207436,7.6
12,256,128,128,0.2,0.0001,0.001,2,1.215757,8.4
12,256,128,128,0.2,0.0001,0.001,4,1.211658,6.3
12,256,128,128,0.3,0.001,0.0001,2,1.279077,6.2
12,256,128,128,0.3,0.001,0.0001,4,1.254752,6.5
12,256,128,128,0.3,0.001,0.001,2,1.266836,6.4
12,256,128,128,0.3,0.001,0.001,4,1.322864,6.3
12,256,128,128,0.3,0.0005,0.0001,2,1.223075,5.8
12,256,128,128,0.3,0.0005,0.0001,4,1.303556,6.8
12,256,128,128,0.3,0.0005,0.001,2,1.267654,5.3
12,256,128,128,0.3,0.0005,0.001,4,1.239855,6.3
12,256,128,128,0.3,0.0001,0.0001,2,1.215635,7.5
12,256,128,128,0.3,0.0001,0.0001,4,1.225818,10.5
12,256,128,128,0.3,0.0001,0.001,2,1.205376,6.7
12,256,128,128,0.3,0.0001,0.001,4,1.213739,9.2
12,256,128,256,0.1,0.001,0.0001,2,1.244519,7.3
12,256,128,256,0.1,0.001,0.0001,4,1.199408,12.6
12,256,128,256,0.1,0.001,0.001,2,1.313746,6.7
12,256,128,256,0.1,0.001,0.001,4,1.260635,6.5
12,256,128,256,0.1,0.0005,0.0001,2,1.290948,6.2
12,256,128,256,0.1,0.0005,0.0001,4,1.253063,6.8
12,256,128,256,0.1,0.0005,0.001,2,1.270861,6.4
12,256,128,256,0.1,0.0005,0.001,4,1.249824,7.1
12,256,128,256,0.1,0.0001,0.0001,2,1.21916,9.4
12,256,128,256,0.1,0.0001,0.0001,4,1.211595,7.0
12,256,128,256,0.1,0.0001,0.001,2,1.205711,6.0
12,256,128,256,0.1,0.0001,0.001,4,1.226714,8.9
12,256,128,256,0.2,0.001,0.0001,2,1.251778,7.7
12,256,128,256,0.2,0.001,0.0001,4,1.215714,7.1
12,256,128,256,0.2,0.001,0.001,2,1.27017,6.6
12,256,128,256,0.2,0.001,0.001,4,1.270862,7.1
12,256,128,256,0.2,0.0005,0.0001,2,1.251271,6.9
12,256,128,256,0.2,0.0005,0.0001,4,1.347096,8.3
12,256,128,256,0.2,0.0005,0.001,2,1.238793,6.7
12,256,128,256,0.2,0.0005,0.001,4,1.288194,8.0
12,256,128,256,0.2,0.0001,0.0001,2,1.228025,9.5
12,256,128,256,0.2,0.0001,0.0001,4,1.212424,8.9
12,256,128,256,0.2,0.0001,0.001,2,1.21825,7.8
12,256,128,256,0.2,0.0001,0.001,4,1.219096,8.7
12,256,128,256,0.3,0.001,0.0001,2,1.32947,7.0
12,256,128,256,0.3,0.001,0.0001,4,1.255791,7.5
12,256,128,256,0.3,0.001,0.001,2,1.274495,6.6
12,256,128,256,0.3,0.001,0.001,4,1.327958,7.3
12,256,128,256,0.3,0.0005,0.0001,2,1.316353,8.1
12,256,128,256,0.3,0.0005,0.0001,4,1.296528,8.5
12,256,128,256,0.3,0.0005,0.001,2,1.265806,6.3
12,256,128,256,0.3,0.0005,0.001,4,1.255305,7.3
12,256,128,256,0.3,0.0001,0.0001,2,1.220306,8.9
12,256,128,256,0.3,0.0001,0.0001,4,1.218601,9.6
12,256,128,256,0.3,0.0001,0.001,2,1.20857,7.5
12,256,128,256,0.3,0.0001,0.001,4,1.208565,6.9
16,64,64,128,0.1,0.001,0.0001,2,1.455192,4.8
16,64,64,128,0.1,0.001,0.0001,4,1.391286,4.4
16,64,64,128,0.1,0.001,0.001,2,1.478852,3.3
16,64,64,128,0.1,0.001,0.001,4,1.453704,3.4
16,64,64,128,0.1,0.0005,0.0001,2,1.367633,3.6
16,64,64,128,0.1,0.0005,0.0001,4,1.345034,3.6
16,64,64,128,0.1,0.0005,0.001,2,1.408975,4.1
16,64,64,128,0.1,0.0005,0.001,4,1.364897,3.9
16,64,64,128,0.1,0.0001,0.0001,2,1.310669,7.6
16,64,64,128,0.1,0.0001,0.0001,4,1.309331,4.9
16,64,64,128,0.1,0.0001,0.001,2,1.298882,7.1
16,64,64,128,0.1,0.0001,0.001,4,1.310011,5.9
16,64,64,128,0.2,0.001,0.0001,2,1.408509,3.2
16,64,64,128,0.2,0.001,0.0001,4,1.548747,3.5
16,64,64,128,0.2,0.001,0.001,2,1.477544,3.4
16,64,64,128,0.2,0.001,0.001,4,1.483209,3.6
16,64,64,128,0.2,0.0005,0.0001,2,1.309632,2.9
16,64,64,128,0.2,0.0005,0.0001,4,1.332101,3.9
16,64,64,128,0.2,0.0005,0.001,2,1.303902,3.4
16,64,64,128,0.2,0.0005,0.001,4,1.374038,3.9
16,64,64,128,0.2,0.0001,0.0001,2,1.283314,4.3
16,64,64,128,0.2,0.0001,0.0001,4,1.28756,6.1
16,64,64,128,0.2,0.0001,0.001,2,1.279535,6.4
16,64,64,128,0.2,0.0001,0.001,4,1.274469,3.7
16,64,64,128,0.3,0.001,0.0001,2,1.521581,2.9
16,64,64,128,0.3,0.001,0.0001,4,1.455375,3.2
16,64,64,128,0.3,0.001,0.001,2,1.44563,2.9
16,64,64,128,0.3,0.001,0.001,4,1.562398,4.0
16,64,64,128,0.3,0.0005,0.0001,2,1.333442,3.8
16,64,64,128,0.3,0.0005,0.0001,4,1.311184,3.6
16,64,64,128,0.3,0.0005,0.001,2,1.314141,3.7
16,64,64,128,0.3,0.0005,0.001,4,1.291113,3.3
16,64,64,128,0.3,0.0001,0.0001,2,1.306891,5.9
16,64,64,128,0.3,0.0001,0.0001,4,1.276282,3.7
16,64,64,128,0.3,0.0001,0.001,2,1.277994,5.0
16,64,64,128,0.3,0.0001,0.001,4,1.282721,5.0
16,64,64,256,0.1,0.001,0.0001,2,1.473536,3.7
16,64,64,256,0.1,0.001,0.0001,4,1.42535,3.9
16,64,64,256,0.1,0.001,0.001,2,1.467149,3.6
16,64,64,256,0.1,0.001,0.001,4,1.593937,3.8
16,64,64,256,0.1,0.0005,0.0001,2,1.370649,4.4
16,64,64,256,0.1,0.0005,0.0001,4,1.326205,3.9
16,64,64,256,0.1,0.0005,0.001,2,1.327376,3.5
16,64,64,256,0.1,0.0005,0.001,4,1.366879,4.0
16,64,64,256,0.1,0.0001,0.0001,2,1.285626,3.8
16,64,64,256,0.1,0.0001,0.0001,4,1.278395,4.2
16,64,64,256,0.1,0.0001,0.001,2,1.297485,8.2
16,64,64,256,0.1,0.0001,0.001,4,1.285025,5.5
16,64,64,256,0.2,0.001,0.0001,2,1.540353,3.6
16,64,64,256,0.2,0.001,0.0001,4,1.532585,3.6
16,64,64,256,0.2,0.001,0.001,2,1.370406,3.5
16,64,64,256,0.2,0.001,0.001,4,1.4066,3.7
16,64,64,256,0.2,0.0005,0.0001,2,1.353962,3.4
16,64,64,256,0.2,0.0005,0.0001,4,1.366289,4.1
16,64,64,256,0.2,0.0005,0.001,2,1.307353,3.6
16,64,64,256,0.2,0.0005,0.001,4,1.426827,3.9
16,64,64,256,0.2,0.0001,0.0001,2,1.268343,4.1
16,64,64,256,0.2,0.0001,0.0001,4,1.27109,3.9
16,64,64,256,0.2,0.0001,0.001,2,1.273647,4.5
16,64,64,256,0.2,0.0001,0.001,4,1.274104,5.1
16,64,64,256,0.3,0.001,0.0001,2,1.388217,3.5
16,64,64,256,0.3,0.001,0.0001,4,1.454859,3.8
16,64,64,256,0.3,0.001,0.001,2,1.443791,3.4
16,64,64,256,0.3,0.001,0.001,4,1.556671,4.1
16,64,64,256,0.3,0.0005,0.0001,2,1.326846,3.6
16,64,64,256,0.3,0.0005,0.0001,4,1.324001,4.4
16,64,64,256,0.3,0.0005,0.001,2,1.379241,4.0
16,64,64,256,0.3,0.0005,0.001,4,1.344492,4.1
16,64,64,256,0.3,0.0001,0.0001,2,1.283673,4.9
16,64,64,256,0.3,0.0001,0.0001,4,1.288479,5.8
16,64,64,256,0.3,0.0001,0.001,2,1.270525,4.8
16,64,64,256,0.3,0.0001,0.001,4,1.283972,6.9
16,64,128,128,0.1,0.001,0.0001,2,1.518513,4.0
16,64,128,128,0.1,0.001,0.0001,4,1.417162,4.5
16,64,128,128,0.1,0.001,0.001,2,1.609658,4.1
16,64,128,128,0.1,0.001,0.001,4,1.402574,4.2
16,64,128,128,0.1,0.0005,0.0001,2,1.438382,4.8
16,64,128,128,0.1,0.0005,0.0001,4,1.362738,4.4
16,64,128,128,0.1,0.0005,0.001,2,1.392103,4.1
16,64,128,128,0.1,0.0005,0.001,4,1.390648,5.1
16,64,128,128,0.1,0.0001,0.0001,2,1.303952,6.2
16,64,128,128,0.1,0.0001,0.0001,4,1.296356,4.8
16,64,128,128,0.1,0.0001,0.001,2,1.302501,4.2
16,64,128,128,0.1,0.0001,0.001,4,1.293396,7.2
16,64,128,128,0.2,0.001,0.0001,2,1.521052,3.8
16,64,128,128,0.2,0.001,0.0001,4,1.330799,4.3
16,64,128,128,0.2,0.001,0.001,2,1.336427,3.8
16,64,128,128,0.2,0.001,0.001,4,1.370647,4.8
16,64,128,128,0.2,0.0005,0.0001,2,1.307711,4.0
16,64,128,128,0.2,0.0005,0.0001,4,1.33799,4.7
16,64,128,128,0.2,0.0005,0.001,2,1.388864,4.8
16,64,128,128,0.2,0.0005,0.001,4,1.397365,4.4
16,64,128,128,0.2,0.0001,0.0001,2,1.287938,5.8
16,64,128,128,0.2,0.0001,0.0001,4,1.290027,7.4
16,64,128,128,0.2,0.0001,0.001,2,1.300438,6.5
16,64,128,128,0.2,0.0001,0.001,4,1.30319,7.1
16,64,128,128,0.3,0.001,0.0001,2,1.46175,4.1
16,64,128,128,0.3,0.001,0.0001,4,1.499488,4.2
16,64,128,128,0.3,0.001,0.001,2,1.414993,4.2
16,64,128,128,0.3,0.001,0.001,4,1.406889,4.4
16,64,128,128,0.3,0.0005,0.0001,2,1.341406,4.1
16,64,128,128,0.3,0.0005,0.0001,4,1.374059,5.0
16,64,128,128,0.3,0.0005,0.001,2,1.390919,5.2
16,64,128,128,0.3,0.0005,0.001,4,1.332334,4.1
16,64,128,128,0.3,0.0001,0.0001,2,1.284294,4.7
16,64,128,128,0.3,0.0001,0.0001,4,1.292405,4.8
16,64,128,128,0.3,0.0001,0.001,2,1.288419,6.0
16,64,128,128,0.3,0.0001,0.001,4,1.280402,4.9
16,64,128,256,0.1,0.001,0.0001,2,1.399378,5.5
16,64,128,256,0.1,0.001,0.0001,4,1.450278,6.3
16,64,128,256,0.1,0.001,0.001,2,1.531491,5.0
16,64,128,256,0.1,0.001,0.001,4,1.343261,4.9
16,64,128,256,0.1,0.0005,0.0001,2,1.443498,4.8
16,64,128,256,0.1,0.0005,0.0001,4,1.388346,5.4
16,64,128,256,0.1,0.0005,0.001,2,1.361766,4.5
16,64,128,256,0.1,0.0005,0.001,4,1.410705,6.2
16,64,128,256,0.1,0.0001,0.0001,2,1.312209,5.6
16,64,128,256,0.1,0.0001,0.0001,4,1.285845,5.1
16,64,128,256,0.1,0.0001,0.001,2,1.296511,5.0
16,64,128,256,0.1,0.0001,0.001,4,1.27645,5.8
16,64,128,256,0.2,0.001,0.0001,2,1.693376,4.6
16,64,128,256,0.2,0.001,0.0001,4,1.44263,4.9
16,64,128,256,0.2,0.001,0.001,2,1.317039,5.8
16,64,128,256,0.2,0.001,0.001,4,1.396512,5.8
16,64,128,256,0.2,0.0005,0.0001,2,1.304892,5.1
16,64,128,256,0.2,0.0005,0.0001,4,1.424469,5.8
16,64,128,256,0.2,0.0005,0.001,2,1.352149,4.7
16,64,128,256,0.2,0.0005,0.001,4,1.399843,5.4
16,64,128,256,0.2,0.0001,0.0001,2,1.28627,7.9
16,64,128,256,0.2,0.0001,0.0001,4,1.298839,5.3
16,64,128,256,0.2,0.0001,0.001,2,1.27983,5.4
16,64,128,256,0.2,0.0001,0.001,4,1.290161,7.6
16,64,128,256,0.3,0.001,0.0001,2,1.603989,5.0
16,64,128,256,0.3,0.001,0.0001,4,1.467216,5.6
16,64,128,256,0.3,0.001,0.001,2,1.55707,5.0
16,64,128,256,0.3,0.001,0.001,4,1.523275,4.9
16,64,128,256,0.3,0.0005,0.0001,2,1.352053,4.6
16,64,128,256,0.3,0.0005,0.0001,4,1.493142,7.2
16,64,128,256,0.3,0.0005,0.001,2,1.400583,4.7
16,64,128,256,0.3,0.0005,0.001,4,1.426364,5.6
16,64,128,256,0.3,0.0001,0.0001,2,1.282328,5.6
16,64,128,256,0.3,0.0001,0.0001,4,1.282095,4.9
16,64,128,256,0.3,0.0001,0.001,2,1.288168,4.5
16,64,128,256,0.3,0.0001,0.001,4,1.286661,5.6
16,128,64,128,0.1,0.001,0.0001,2,1.42408,3.1
16,128,64,128,0.1,0.001,0.0001,4,1.446607,3.7
16,128,64,128,0.1,0.001,0.001,2,1.553668,3.4
16,128,64,128,0.1,0.001,0.001,4,1.424883,4.0
16,128,64,128,0.1,0.0005,0.0001,2,1.404813,3.0
16,128,64,128,0.1,0.0005,0.0001,4,1.360803,3.4
16,128,64,128,0.1,0.0005,0.001,2,1.392357,3.4
16,128,64,128,0.1,0.0005,0.001,4,1.401867,3.5
16,128,64,128,0.1,0.0001,0.0001,2,1.279745,4.0
16,128,64,128,0.1,0.0001,0.0001,4,1.295062,3.7
16,128,64,128,0.1,0.0001,0.001,2,1.299868,4.1
16,128,64,128,0.1,0.0001,0.001,4,1.297487,6.6
16,128,64,128,0.2,0.001,0.0001,2,1.372229,3.3
16,128,64,128,0.2,0.001,0.0001,4,1.577398,3.8
16,128,64,128,0.2,0.001,0.001,2,1.485044,3.4
16,128,64,128,0.2,0.001,0.001,4,1.527793,3.7
16,128,64,128,0.2,0.0005,0.0001,2,1.373816,4.0
16,128,64,128,0.2,0.0005,0.0001,4,1.35926,3.8
16,128,64,128,0.2,0.0005,0.001,2,1.415336,3.4
16,128,64,128,0.2,0.0005,0.001,4,1.369967,3.7
16,128,64,128,0.2,0.0001,0.0001,2,1.281922,3.4
16,128,64,128,0.2,0.0001,0.0001,4,1.29027,5.0
16,128,64,128,0.2,0.0001,0.001,2,1.300309,4.8
16,128,64,128,0.2,0.0001,0.001,4,1.281389,4.6
16,128,64,128,0.3,0.001,0.0001,2,1.447286,3.2
16,128,64,128,0.3,0.001,0.0001,4,1.448977,4.1
16,128,64,128,0.3,0.001,0.001,2,1.603242,3.5
16,128,64,128,0.3,0.001,0.001,4,1.581883,3.6
16,128,64,128,0.3,0.0005,0.0001,2,1.357538,3.0
16,128,64,128,0.3,0.0005,0.0001,4,1.357751,3.6
16,128,64,128,0.3,0.0005,0.001,2,1.400635,3.5
16,128,64,128,0.3,0.0005,0.001,4,1.34616,3.5
16,128,64,128,0.3,0.0001,0.0001,2,1.285222,3.3
16,128,64,128,0.3,0.0001,0.0001,4,1.298434,6.2
16,128,64,128,0.3,0.0001,0.001,2,1.291285,4.0
16,128,64,128,0.3,0.0001,0.001,4,1.292589,6.1
16,128,64,256,0.1,0.001,0.0001,2,1.510086,3.9
16,128,64,256,0.1,0.001,0.0001,4,1.498708,4.1
16,128,64,256,0.1,0.001,0.001,2,1.510177,3.7
16,128,64,256,0.1,0.001,0.001,4,1.514561,4.1
16,128,64,256,0.1,0.0005,0.0001,2,1.384331,3.6
16,128,64,256,0.1,0.0005,0.0001,4,1.426624,5.1
16,128,64,256,0.1,0.0005,0.001,2,1.449842,4.0
16,128,64,256,0.1,0.0005,0.001,4,1.447594,3.9
16,128,64,256,0.1,0.0001,0.0001,2,1.285273,5.2
16,128,64,256,0.1,0.0001,0.0001,4,1.290071,4.1
16,128,64,256,0.1,0.0001,0.001,2,1.297614,5.4
16,128,64,256,0.1,0.0001,0.001,4,1.291058,4.5
16,128,64,256,0.2,0.001,0.0001,2,1.432516,3.7
16,128,64,256,0.2,0.001,0.0001,4,1.489023,4.3
16,128,64,256,0.2,0.001,0.001,2,1.464564,3.9
16,128,64,256,0.2,0.001,0.001,4,1.47049,4.2
16,128,64,256,0.2,0.0005,0.0001,2,1.405353,3.8
16,128,64,256,0.2,0.0005,0.0001,4,1.419135,3.9
16,128,64,256,0.2,0.0005,0.001,2,1.455514,4.2
16,128,64,256,0.2,0.0005,0.001,4,1.41678,4.9
16,128,64,256,0.2,0.0001,0.0001,2,1.298359,6.2
16,128,64,256,0.2,0.0001,0.0001,4,1.293681,4.2
16,128,64,256,0.2,0.0001,0.001,2,1.275663,4.0
16,128,64,256,0.2,0.0001,0.001,4,1.287414,4.1
16,128,64,256,0.3,0.001,0.0001,2,1.468682,3.8
16,128,64,256,0.3,0.001,0.0001,4,1.512611,4.2
16,128,64,256,0.3,0.001,0.001,2,1.57014,4.5
16,128,64,256,0.3,0.001,0.001,4,1.532577,4.2
16,128,64,256,0.3,0.0005,0.0001,2,1.390037,4.0
16,128,64,256,0.3,0.0005,0.0001,4,1.417057,4.5
16,128,64,256,0.3,0.0005,0.001,2,1.361604,3.8
16,128,64,256,0.3,0.0005,0.001,4,1.413383,4.3
16,128,64,256,0.3,0.0001,0.0001,2,1.271631,4.7
16,128,64,256,0.3,0.0001,0.0001,4,1.285501,5.8
16,128,64,256,0.3,0.0001,0.001,2,1.290808,6.9
16,128,64,256,0.3,0.0001,0.001,4,1.287527,7.2
16,128,128,128,0.1,0.001,0.0001,2,1.429796,4.5
16,128,128,128,0.1,0.001,0.0001,4,1.482206,5.0
16,128,128,128,0.1,0.001,0.001,2,1.396916,4.3
16,128,128,128,0.1,0.001,0.001,4,1.430879,4.7
16,128,128,128,0.1,0.0005,0.0001,2,1.395655,4.3
16,128,128,128,0.1,0.0005,0.0001,4,1.424924,5.1
16,128,128,128,0.1,0.0005,0.001,2,1.451744,4.2
16,128,128,128,0.1,0.0005,0.001,4,1.421145,5.0
16,128,128,128,0.1,0.0001,0.0001,2,1.321057,5.9
16,128,128,128,0.1,0.0001,0.0001,4,1.290474,5.0
16,128,128,128,0.1,0.0001,0.001,2,1.287803,4.2
16,128,128,128,0.1,0.0001,0.001,4,1.291301,5.0
16,128,128,128,0.2,0.001,0.0001,2,1.580517,4.9
16,128,128,128,0.2,0.001,0.0001,4,1.403599,4.8
16,128,128,128,0.2,0.001,0.001,2,1.3917,4.1
16,128,128,128,0.2,0.001,0.001,4,1.514652,5.0
16,128,128,128,0.2,0.0005,0.0001,2,1.380162,4.4
16,128,128,128,0.2,0.0005,0.0001,4,1.38633,5.0
16,128,128,128,0.2,0.0005,0.001,2,1.371351,4.6
16,128,128,128,0.2,0.0005,0.001,4,1.358046,5.0
16,128,128,128,0.2,0.0001,0.0001,2,1.296285,6.3
16,128,128,128,0.2,0.0001,0.0001,4,1.303726,7.0
16,128,128,128,0.2,0.0001,0.001,2,1.300611,6.4
16,128,128,128,0.2,0.0001,0.001,4,1.294264,4.7
16,128,128,128,0.3,0.001,0.0001,2,1.448821,4.8
16,128,128,128,0.3,0.001,0.0001,4,1.458077,4.9
16,128,128,128,0.3,0.001,0.001,2,1.534228,4.3
16,128,128,128,0.3,0.001,0.001,4,1.489081,4.5
16,128,128,128,0.3,0.0005,0.0001,2,1.32083,4.1
16,128,128,128,0.3,0.0005,0.0001,4,1.402642,5.2
16,128,128,128,0.3,0.0005,0.001,2,1.481168,4.4
16,128,128,128,0.3,0.0005,0.001,4,1.380676,4.3
16,128,128,128,0.3,0.0001,0.0001,2,1.315779,6.7
16,128,128,128,0.3,0.0001,0.0001,4,1.290289,4.7
16,128,128,128,0.3,0.0001,0.001,2,1.290261,6.5
16,128,128,128,0.3,0.0001,0.001,4,1.279944,5.5
16,128,128,256,0.1,0.001,0.0001,2,1.396204,4.9
16,128,128,256,0.1,0.001,0.0001,4,1.424907,5.3
16,128,128,256,0.1,0.001,0.001,2,1.428622,5.3
16,128,128,256,0.1,0.001,0.001,4,1.396663,5.0
16,128,128,256,0.1,0.0005,0.0001,2,1.409635,5.3
16,128,128,256,0.1,0.0005,0.0001,4,1.445302,5.2
16,128,128,256,0.1,0.0005,0.001,2,1.369938,5.4
16,128,128,256,0.1,0.0005,0.001,4,1.440035,6.7
16,128,128,256,0.1,0.0001,0.0001,2,1.320573,5.2
16,128,128,256,0.1,0.0001,0.0001,4,1.332153,8.8
16,128,128,256,0.1,0.0001,0.001,2,1.297081,5.1
16,128,128,256,0.1,0.0001,0.001,4,1.301696,5.4
16,128,128,256,0.2,0.001,0.0001,2,1.440004,5.2
16,128,128,256,0.2,0.001,0.0001,4,1.372614,5.6
16,128,128,256,0.2,0.001,0.001,2,1.385404,5.2
16,128,128,256,0.2,0.001,0.001,4,1.554392,6.2
16,128,128,256,0.2,0.0005,0.0001,2,1.402524,4.7
16,128,128,256,0.2,0.0005,0.0001,4,1.504687,5.9
16,128,128,256,0.2,0.0005,0.001,2,1.529976,4.7
16,128,128,256,0.2,0.0005,0.001,4,1.390843,6.0
16,128,128,256,0.2,0.0001,0.0001,2,1.285926,4.7
16,128,128,256,0.2,0.0001,0.0001,4,1.30085,5.9
16,128,128,256,0.2,0.0001,0.001,2,1.297992,4.7
16,128,128,256,0.2,0.0001,0.001,4,1.28504,5.4
16,128,128,256,0.3,0.001,0.0001,2,1.552319,5.4
16,128,128,256,0.3,0.001,0.0001,4,1.589985,5.5
16,128,128,256,0.3,0.001,0.001,2,1.410556,6.8
16,128,128,256,0.3,0.001,0.001,4,1.611913,6.7
16,128,128,256,0.3,0.0005,0.0001,2,1.428262,5.4
16,128,128,256,0.3,0.0005,0.0001,4,1.383392,5.3
16,128,128,256,0.3,0.0005,0.001,2,1.438688,5.1
16,128,128,256,0.3,0.0005,0.001,4,1.423976,5.2
16,128,128,256,0.3,0.0001,0.0001,2,1.302214,4.8
16,128,128,256,0.3,0.0001,0.0001,4,1.288397,6.4
16,128,128,256,0.3,0.0001,0.001,2,1.273238,4.8
16,128,128,256,0.3,0.0001,0.001,4,1.296238,5.4
16,256,64,128,0.1,0.001,0.0001,2,1.470393,4.2
16,256,64,128,0.1,0.001,0.0001,4,1.535339,4.7
16,256,64,128,0.1,0.001,0.001,2,1.38238,4.2
16,256,64,128,0.1,0.001,0.001,4,1.48813,4.7
16,256,64,128,0.1,0.0005,0.0001,2,1.406675,4.5
16,256,64,128,0.1,0.0005,0.0001,4,1.391636,4.6
16,256,64,128,0.1,0.0005,0.001,2,1.424646,4.1
16,256,64,128,0.1,0.0005,0.001,4,1.40643,4.9
16,256,64,128,0.1,0.0001,0.0001,2,1.311179,4.8
16,256,64,128,0.1,0.0001,0.0001,4,1.29813,4.9
16,256,64,128,0.1,0.0001,0.001,2,1.309733,4.1
16,256,64,128,0.1,0.0001,0.001,4,1.290009,4.8
16,256,64,128,0.2,0.001,0.0001,2,1.488588,4.1
16,256,64,128,0.2,0.001,0.0001,4,1.354109,4.8
16,256,64,128,0.2,0.001,0.001,2,1.416715,4.7
16,256,64,128,0.2,0.001,0.001,4,1.467369,4.4
16,256,64,128,0.2,0.0005,0.0001,2,1.399775,4.7
16,256,64,128,0.2,0.0005,0.0001,4,1.409559,4.9
16,256,64,128,0.2,0.0005,0.001,2,1.497757,4.3
16,256,64,128,0.2,0.0005,0.001,4,1.471409,4.6
16,256,64,128,0.2,0.0001,0.0001,2,1.309408,4.8
16,256,64,128,0.2,0.0001,0.0001,4,1.309712,4.5
16,256,64,128,0.2,0.0001,0.001,2,1.309839,5.7
16,256,64,128,0.2,0.0001,0.001,4,1.31863,6.0
16,256,64,128,0.3,0.001,0.0001,2,1.490537,4.4
16,256,64,128,0.3,0.001,0.0001,4,1.365791,4.6
16,256,64,128,0.3,0.001,0.001,2,1.384894,4.2
16,256,64,128,0.3,0.001,0.001,4,1.460857,4.8
16,256,64,128,0.3,0.0005,0.0001,2,1.396056,4.1
16,256,64,128,0.3,0.0005,0.0001,4,1.466292,4.8
16,256,64,128,0.3,0.0005,0.001,2,1.448992,4.5
16,256,64,128,0.3,0.0005,0.001,4,1.484088,4.7
16,256,64,128,0.3,0.0001,0.0001,2,1.318299,5.8
16,256,64,128,0.3,0.0001,0.0001,4,1.297754,4.5
16,256,64,128,0.3,0.0001,0.001,2,1.302268,4.8
16,256,64,128,0.3,0.0001,0.001,4,1.32401,5.7
16,256,64,256,0.1,0.001,0.0001,2,1.408002,5.2
16,256,64,256,0.1,0.001,0.0001,4,1.389489,5.4
16,256,64,256,0.1,0.001,0.001,2,1.622795,4.9
16,256,64,256,0.1,0.001,0.001,4,1.361892,5.2
16,256,64,256,0.1,0.0005,0.0001,2,1.383951,5.1
16,256,64,256,0.1,0.0005,0.0001,4,1.449279,5.6
16,256,64,256,0.1,0.0005,0.001,2,1.46543,5.0
16,256,64,256,0.1,0.0005,0.001,4,1.425803,5.2
16,256,64,256,0.1,0.0001,0.0001,2,1.310442,5.8
16,256,64,256,0.1,0.0001,0.0001,4,1.333533,5.9
16,256,64,256,0.1,0.0001,0.001,2,1.317971,5.9
16,256,64,256,0.1,0.0001,0.001,4,1.346785,6.3
16,256,64,256,0.2,0.001,0.0001,2,1.490676,4.6
16,256,64,256,0.2,0.001,0.0001,4,1.368188,5.6
16,256,64,256,0.2,0.001,0.001,2,1.333048,4.9
16,256,64,256,0.2,0.001,0.001,4,1.412409,5.4
16,256,64,256,0.2,0.0005,0.0001,2,1.390855,4.6
16,256,64,256,0.2,0.0005,0.0001,4,1.436744,4.9
16,256,64,256,0.2,0.0005,0.001,2,1.39651,4.7
16,256,64,256,0.2,0.0005,0.001,4,1.445139,5.6
16,256,64,256,0.2,0.0001,0.0001,2,1.314577,5.9
16,256,64,256,0.2,0.0001,0.0001,4,1.285142,5.6
16,256,64,256,0.2,0.0001,0.001,2,1.297279,4.9
16,256,64,256,0.2,0.0001,0.001,4,1.311749,5.2
16,256,64,256,0.3,0.001,0.0001,2,1.407457,4.8
16,256,64,256,0.3,0.001,0.0001,4,1.370277,5.5
16,256,64,256,0.3,0.001,0.001,2,1.43995,4.6
16,256,64,256,0.3,0.001,0.001,4,1.46751,5.3
16,256,64,256,0.3,0.0005,0.0001,2,1.379627,4.9
16,256,64,256,0.3,0.0005,0.0001,4,1.390076,5.4
16,256,64,256,0.3,0.0005,0.001,2,1.445673,5.8
16,256,64,256,0.3,0.0005,0.001,4,1.436785,6.1
16,256,64,256,0.3,0.0001,0.0001,2,1.302034,8.0
16,256,64,256,0.3,0.0001,0.0001,4,1.318794,5.5
16,256,64,256,0.3,0.0001,0.001,2,1.287566,4.9
16,256,64,256,0.3,0.0001,0.001,4,1.294394,5.5
16,256,128,128,0.1,0.001,0.0001,2,1.407208,5.9
16,256,128,128,0.1,0.001,0.0001,4,1.469082,6.4
16,256,128,128,0.1,0.001,0.001,2,1.555839,5.4
16,256,128,128,0.1,0.001,0.001,4,1.342826,6.2
16,256,128,128,0.1,0.0005,0.0001,2,1.435265,6.5
16,256,128,128,0.1,0.0005,0.0001,4,1.387735,6.4
16,256,128,128,0.1,0.0005,0.001,2,1.456089,6.2
16,256,128,128,0.1,0.0005,0.001,4,1.424407,6.8
16,256,128,128,0.1,0.0001,0.0001,2,1.302601,6.5
16,256,128,128,0.1,0.0001,0.0001,4,1.30871,6.4
16,256,128,128,0.1,0.0001,0.001,2,1.337478,7.0
16,256,128,128,0.1,0.0001,0.001,4,1.3182,8.3
16,256,128,128,0.2,0.001,0.0001,2,1.396257,8.0
16,256,128,128,0.2,0.001,0.0001,4,1.438497,7.2
16,256,128,128,0.2,0.001,0.001,2,1.401072,5.6
16,256,128,128,0.2,0.001,0.001,4,1.403218,6.6
16,256,128,128,0.2,0.0005,0.0001,2,1.46685,7.0
16,256,128,128,0.2,0.0005,0.0001,4,1.404653,6.8
16,256,128,128,0.2,0.0005,0.001,2,1.416645,6.4
16,256,128,128,0.2,0.0005,0.001,4,1.40596,6.0
16,256,128,128,0.2,0.0001,0.0001,2,1.319466,7.5
16,256,128,128,0.2,0.0001,0.0001,4,1.314665,8.1
16,256,128,128,0.2,0.0001,0.001,2,1.303857,6.6
16,256,128,128,0.2,0.0001,0.001,4,1.308018,7.8
16,256,128,128,0.3,0.001,0.0001,2,1.48841,6.0
16,256,128,128,0.3,0.001,0.0001,4,1.477539,6.7
16,256,128,128,0.3,0.001,0.001,2,1.419329,6.0
16,256,128,128,0.3,0.001,0.001,4,1.391821,6.4
16,256,128,128,0.3,0.0005,0.0001,2,1.426818,6.4
16,256,128,128,0.3,0.0005,0.0001,4,1.443524,6.9
16,256,128,128,0.3,0.0005,0.001,2,1.426408,6.5
16,256,128,128,0.3,0.0005,0.001,4,1.363517,6.4
16,256,128,128,0.3,0.0001,0.0001,2,1.31307,7.7
16,256,128,128,0.3,0.0001,0.0001,4,1.315835,8.7
16,256,128,128,0.3,0.0001,0.001,2,1.338073,8.5
16,256,128,128,0.3,0.0001,0.001,4,1.300029,7.2
16,256,128,256,0.1,0.001,0.0001,2,1.354316,6.6
16,256,128,256,0.1,0.001,0.0001,4,1.399864,6.9
16,256,128,256,0.1,0.001,0.001,2,1.551263,6.3
16,256,128,256,0.1,0.001,0.001,4,1.385387,6.9
16,256,128,256,0.1,0.0005,0.0001,2,1.458953,7.5
16,256,128,256,0.1,0.0005,0.0001,4,1.486096,7.7
16,256,128,256,0.1,0.0005,0.001,2,1.406441,6.2
16,256,128,256,0.1,0.0005,0.001,4,1.429696,7.2
16,256,128,256,0.1,0.0001,0.0001,2,1.326746,7.6
16,256,128,256,0.1,0.0001,0.0001,4,1.304796,6.7
16,256,128,256,0.1,0.0001,0.001,2,1.332276,7.2
16,256,128,256,0.1,0.0001,0.001,4,1.310698,6.5
16,256,128,256,0.2,0.001,0.0001,2,1.532252,6.7
16,256,128,256,0.2,0.001,0.0001,4,1.440026,7.0
16,256,128,256,0.2,0.001,0.001,2,1.403461,6.3
16,256,128,256,0.2,0.001,0.001,4,1.575362,7.1
16,256,128,256,0.2,0.0005,0.0001,2,1.393722,6.3
16,256,128,256,0.2,0.0005,0.0001,4,1.355931,7.4
16,256,128,256,0.2,0.0005,0.001,2,1.455039,6.6
16,256,128,256,0.2,0.0005,0.001,4,1.467198,7.2
16,256,128,256,0.2,0.0001,0.0001,2,1.318449,8.3
16,256,128,256,0.2,0.0001,0.0001,4,1.294118,6.4
16,256,128,256,0.2,0.0001,0.001,2,1.287294,6.3
16,256,128,256,0.2,0.0001,0.001,4,1.322551,9.1
16,256,128,256,0.3,0.001,0.0001,2,1.47728,6.6
16,256,128,256,0.3,0.001,0.0001,4,1.485004,7.1
16,256,128,256,0.3,0.001,0.001,2,1.37506,6.9
16,256,128,256,0.3,0.001,0.001,4,1.43651,6.8
16,256,128,256,0.3,0.0005,0.0001,2,1.452214,7.6
16,256,128,256,0.3,0.0005,0.0001,4,1.42696,7.6
16,256,128,256,0.3,0.0005,0.001,2,1.393833,6.4
16,256,128,256,0.3,0.0005,0.001,4,1.454084,6.7
16,256,128,256,0.3,0.0001,0.0001,2,1.311948,6.7
16,256,128,256,0.3,0.0001,0.0001,4,1.302203,6.4
16,256,128,256,0.3,0.0001,0.001,2,1.315659,9.0
16,256,128,256,0.3,0.0001,0.001,4,1.304045,8.8
