ticker_i,ticker_j,corr,pvalue,rel_type
AAPL,MSFT,0.1274207979440689,0.01723797619342804,unconnected
AAPL,AMZN,0.01461825706064701,0.7855245471000671,unconnected
AAPL,WMT,0.035797663033008575,0.5050461888313293,downstream
AAPL,JPM,-0.11768242716789246,0.027931563556194305,unconnected
AAPL,LLY,0.020351571962237358,0.7047820091247559,unconnected
AAPL,XOM,0.04602363333106041,0.3913555443286896,unconnected
AAPL,JNJ,0.00563456816598773,0.9164668917655945,unconnected
AAPL,ORCL,0.11339134722948074,0.034212302416563034,unconnected
AAPL,COST,0.2007759064435959,0.0001594532950548455,unconnected
AAPL,NFLX,-0.03046160750091076,0.5706062912940979,unconnected
AAPL,BAC,-0.10459855943918228,0.050889547914266586,unconnected
AAPL,ABBV,-0.07325395196676254,0.17212015390396118,unconnected
AAPL,CAT,0.004883388988673687,0.9275698065757751,unconnected
AAPL,CVX,-0.05067252740263939,0.3452456295490265,unconnected
AAPL,HD,0.030473189428448677,0.5704584717750549,unconnected
AAPL,INTC,0.23662850260734558,7.882737918407656e-06,upstream
AAPL,PG,0.028695225715637207,0.5931631326675415,unconnected
AAPL,CSCO,0.010670158080756664,0.8425552845001221,upstream
AAPL,KO,0.10117089748382568,0.05901322513818741,unconnected
AAPL,GE,-0.08179152011871338,0.12724260985851288,unconnected
AAPL,AMAT,0.015845833346247673,0.7680091261863708,unconnected
AAPL,MS,-0.11524011939764023,0.031372588127851486,unconnected
AAPL,UNH,0.06107437238097191,0.2551485598087311,unconnected
AAPL,MRK,0.04556378349661827,0.39610981941223145,unconnected
AAPL,GS,-0.147020623087883,0.005928944796323776,unconnected
AAPL,RTX,0.09865491837263107,0.0656353160738945,unconnected
AAPL,WFC,-0.08627663552761078,0.1076163649559021,unconnected
AAPL,PM,-0.0053409552201628685,0.9208050966262817,unconnected
AAPL,IBM,0.031344011425971985,0.5594907999038696,upstream
AAPL,AXP,0.0353657603263855,0.510201632976532,unconnected
AAPL,C,-0.1008816808462143,0.059745125472545624,unconnected
AAPL,MCD,0.032965343445539474,0.5393474102020264,downstream
AAPL,PEP,0.1000833809375763,0.06180453300476074,unconnected
AAPL,TXN,0.013060277327895164,0.8079107403755188,upstream
AAPL,VZ,-0.08454684168100357,0.1148824691772461,downstream
AAPL,AMGN,0.0868125855922699,0.10544014722108841,unconnected
AAPL,NEE,0.040513649582862854,0.45057806372642517,unconnected
AAPL,T,-0.07732117921113968,0.14945611357688904,unconnected
AAPL,BA,-0.057991765439510345,0.27996501326560974,unconnected
AAPL,TJX,0.03306888788938522,0.5380727052688599,unconnected
AAPL,GILD,-0.02630073018372059,0.6243736147880554,unconnected
AAPL,ABT,0.08128233999013901,0.12963542342185974,unconnected
AAPL,SCHW,0.12750957906246185,0.017159799113869667,unconnected
AAPL,DE,-0.004966266453266144,0.9263443946838379,unconnected
AAPL,ETN,-0.03704735264182091,0.49028465151786804,upstream
AAPL,PFE,0.036824192851781845,0.49290362000465393,unconnected
AAPL,UNP,-0.024882758036255836,0.6431830525398254,unconnected
AAPL,WELL,-0.012048340402543545,0.822537362575531,unconnected
AAPL,HON,0.04997465759515762,0.3519381880760193,unconnected
MSFT,AMZN,0.04748077318072319,0.37651723623275757,unconnected
MSFT,WMT,0.04446454718708992,0.4076157808303833,unconnected
MSFT,JPM,-0.13830198347568512,0.009685281664133072,unconnected
MSFT,LLY,-0.0058344039134681225,0.9135144948959351,unconnected
MSFT,XOM,0.030913108959794044,0.56490558385849,downstream
MSFT,JNJ,0.05838034301996231,0.27674949169158936,unconnected
MSFT,ORCL,0.05591125786304474,0.2976078391075134,unconnected
MSFT,COST,0.1841515153646469,0.0005451973411254585,unconnected
MSFT,NFLX,-0.11319692432880402,0.03452329337596893,downstream
MSFT,BAC,-0.14027637243270874,0.00868615135550499,downstream
MSFT,ABBV,0.0058234576135873795,0.9136764407157898,unconnected
MSFT,CAT,0.0076563493348658085,0.8866683840751648,upstream
MSFT,CVX,0.016179842874407768,0.7632628083229065,unconnected
MSFT,HD,0.04316476732492447,0.4214746654033661,unconnected
MSFT,INTC,0.08641368895769119,0.1070563793182373,bidirectional
MSFT,PG,0.046218834817409515,0.38934698700904846,unconnected
MSFT,CSCO,0.10000476986169815,0.06201030686497688,unconnected
MSFT,KO,0.1925659328699112,0.0002963785082101822,unconnected
MSFT,GE,-0.0612529031932354,0.25375914573669434,bidirectional
MSFT,AMAT,-0.030058730393648148,0.5757144093513489,unconnected
MSFT,MS,-0.14169438183307648,0.00802629254758358,unconnected
MSFT,UNH,0.11349132657051086,0.03405344858765602,unconnected
MSFT,MRK,0.03679356724023819,0.49326375126838684,unconnected
MSFT,GS,-0.13003867864608765,0.015059742145240307,unconnected
MSFT,RTX,-0.014103963971138,0.7928955554962158,unconnected
MSFT,WFC,-0.14394421875476837,0.007070735562592745,unconnected
MSFT,PM,0.1462777704000473,0.006188343279063702,unconnected
MSFT,IBM,0.05423653870820999,0.31233683228492737,bidirectional
MSFT,AXP,0.07078077644109726,0.1871006339788437,upstream
MSFT,C,-0.13256031274795532,0.013193883933126926,unconnected
MSFT,MCD,0.06306786090135574,0.23993505537509918,downstream
MSFT,PEP,0.07976274192333221,0.13698454201221466,unconnected
MSFT,TXN,0.07534673810005188,0.16015809774398804,bidirectional
MSFT,VZ,-0.15214550495147705,0.004389577079564333,downstream
MSFT,AMGN,0.08852090686559677,0.09873524308204651,unconnected
MSFT,NEE,0.07961755245923996,0.13770313560962677,unconnected
MSFT,T,-0.022552523761987686,0.6745897531509399,unconnected
MSFT,BA,-0.07352098077535629,0.17055778205394745,downstream
MSFT,TJX,0.08739140629768372,0.10312935709953308,unconnected
MSFT,GILD,-0.088664710521698,0.09818633645772934,unconnected
MSFT,ABT,0.08768685162067413,0.10196501761674881,unconnected
MSFT,SCHW,0.07524848729372025,0.16070519387722015,unconnected
MSFT,DE,0.024350423365831375,0.6503051519393921,unconnected
MSFT,ETN,0.06764377653598785,0.20745283365249634,unconnected
MSFT,PFE,0.033554043620824814,0.5321226716041565,unconnected
MSFT,UNP,0.009649294428527355,0.8574502468109131,unconnected
MSFT,WELL,-0.0375635027885437,0.48425549268722534,unconnected
MSFT,HON,-0.05421479046344757,0.3125307261943817,unconnected
AMZN,WMT,0.16530048847198486,0.001946142758242786,unconnected
AMZN,JPM,-0.11891649663448334,0.026319697499275208,unconnected
AMZN,LLY,0.002614977303892374,0.9611770510673523,unconnected
AMZN,XOM,0.03756355494260788,0.48425549268722534,unconnected
AMZN,JNJ,0.1115366593003273,0.037278272211551666,unconnected
AMZN,ORCL,0.08785918354988098,0.10129114985466003,downstream
AMZN,COST,0.037669677287340164,0.48302119970321655,unconnected
AMZN,NFLX,-0.08862689882516861,0.09833072125911713,unconnected
AMZN,BAC,-0.09343986958265305,0.08130691200494766,unconnected
AMZN,ABBV,0.03175494074821472,0.5543511509895325,unconnected
AMZN,CAT,0.012731513008475304,0.8126557469367981,unconnected
AMZN,CVX,-0.019012145698070526,0.7233890891075134,unconnected
AMZN,HD,0.11739281564950943,0.028321977704763412,unconnected
AMZN,INTC,-0.074348583817482,0.16578303277492523,unconnected
AMZN,PG,0.039203058928251266,0.4653739333152771,unconnected
AMZN,CSCO,0.012475570663809776,0.8163543343544006,unconnected
AMZN,KO,0.05728932097554207,0.28584057092666626,unconnected
AMZN,GE,-0.04436466097831726,0.40867117047309875,unconnected
AMZN,AMAT,-0.10399628430604935,0.05224528908729553,unconnected
AMZN,MS,-0.11083513498306274,0.038497135043144226,unconnected
AMZN,UNH,0.12155242264270782,0.0231428574770689,unconnected
AMZN,MRK,-0.05028871074318886,0.34891679883003235,unconnected
AMZN,GS,-0.08581656962633133,0.10951235890388489,unconnected
AMZN,RTX,-0.01818264275789261,0.7349947094917297,unconnected
AMZN,WFC,-0.10849801450967789,0.042803626507520676,unconnected
AMZN,PM,0.012257824651896954,0.8195047974586487,unconnected
AMZN,IBM,0.20940524339675903,8.088396862149239e-05,unconnected
AMZN,AXP,0.14241614937782288,0.007707927841693163,unconnected
AMZN,C,-0.14727352559566498,0.0058428579941391945,unconnected
AMZN,MCD,0.0741686001420021,0.16681300103664398,downstream
AMZN,PEP,0.1131366714835167,0.0346202626824379,unconnected
AMZN,TXN,-0.08877481520175934,0.09776822477579117,unconnected
AMZN,VZ,-0.08338677138090134,0.1199665516614914,unconnected
AMZN,AMGN,0.1432122141122818,0.007369861472398043,unconnected
AMZN,NEE,0.02887171320617199,0.5908918380737305,unconnected
AMZN,T,-0.0006067175418138504,0.9909881949424744,upstream
AMZN,BA,-0.14746762812137604,0.005777574609965086,unconnected
AMZN,TJX,0.009965375065803528,0.8528320789337158,unconnected
AMZN,GILD,-0.015827547758817673,0.7682685256004333,unconnected
AMZN,ABT,0.00891124177724123,0.8682498335838318,unconnected
AMZN,SCHW,-0.02454933151602745,0.6476397514343262,unconnected
AMZN,DE,0.02500688098371029,0.641527533531189,unconnected
AMZN,ETN,0.0001736099657136947,0.9974220991134644,unconnected
AMZN,PFE,0.041912175714969635,0.4350857436656952,unconnected
AMZN,UNP,0.06786540150642395,0.2059645801782608,unconnected
AMZN,WELL,-0.019697681069374084,0.7138441801071167,unconnected
AMZN,HON,0.017493506893515587,0.7446832656860352,unconnected
WMT,JPM,-0.09081988781690598,0.09025193750858307,unconnected
WMT,LLY,0.12692344188690186,0.017681539058685303,unconnected
WMT,XOM,-0.0919659435749054,0.08624652028083801,unconnected
WMT,JNJ,0.44782164692878723,1.2893428610010787e-18,unconnected
WMT,ORCL,0.007475247140973806,0.8893314003944397,upstream
WMT,COST,0.16448691487312317,0.0020501541439443827,unconnected
WMT,NFLX,-0.241710364818573,4.9422965275880415e-06,unconnected
WMT,BAC,-0.051561497151851654,0.3368382751941681,unconnected
WMT,ABBV,0.06074484437704086,0.2577259838581085,unconnected
WMT,CAT,0.3895796239376068,4.27639863895702e-14,downstream
WMT,CVX,-0.17587611079216003,0.0009682049858383834,unconnected
WMT,HD,0.5511434674263,4.0380732402724126e-29,unconnected
WMT,INTC,0.014827466569840908,0.7825313210487366,unconnected
WMT,PG,0.49839654564857483,2.594157569450081e-23,unconnected
WMT,CSCO,0.3488883078098297,1.9965572597979708e-11,unconnected
WMT,KO,0.1412399709224701,0.0082327201962471,unconnected
WMT,GE,-0.3562585413455963,6.988523041512318e-12,upstream
WMT,AMAT,0.011245131492614746,0.8341911435127258,unconnected
WMT,MS,-0.038624994456768036,0.47198423743247986,unconnected
WMT,UNH,0.5217894315719604,9.186387546697328e-26,unconnected
WMT,MRK,0.022089188918471336,0.6809032559394836,upstream
WMT,GS,-0.05553194880485535,0.30090266466140747,unconnected
WMT,RTX,0.14427223801612854,0.00694029126316309,unconnected
WMT,WFC,-0.13049060106277466,0.014709311537444592,unconnected
WMT,PM,0.13586921989917755,0.011055664159357548,unconnected
WMT,IBM,0.28100475668907166,9.360402941638313e-08,unconnected
WMT,AXP,0.24736282229423523,2.9049278964521363e-06,unconnected
WMT,C,-0.11322446167469025,0.03447910025715828,unconnected
WMT,MCD,0.402818500995636,4.779272020049826e-15,unconnected
WMT,PEP,0.19000394642353058,0.00035779690369963646,upstream
WMT,TXN,0.014969260431826115,0.7805052399635315,unconnected
WMT,VZ,-0.07226932793855667,0.17797358334064484,unconnected
WMT,AMGN,0.509262204170227,1.9911369895975784e-24,unconnected
WMT,NEE,-0.0013746438780799508,0.9795863032341003,unconnected
WMT,T,-0.24479012191295624,3.705758672367665e-06,unconnected
WMT,BA,-0.5153055787086487,4.586881530252215e-25,unconnected
WMT,TJX,0.09796677529811859,0.06754891574382782,unconnected
WMT,GILD,-0.07882305979728699,0.14168603718280792,unconnected
WMT,ABT,0.08189534395933151,0.1267588585615158,unconnected
WMT,SCHW,0.012892276048660278,0.8103356957435608,unconnected
WMT,DE,0.45141395926475525,6.337313465140662e-19,unconnected
WMT,ETN,0.028566351160407066,0.5948246121406555,unconnected
WMT,PFE,0.48370233178138733,7.240161349150612e-22,unconnected
WMT,UNP,0.4759733974933624,3.914364465339761e-21,unconnected
WMT,WELL,0.009389327839016914,0.8612518310546875,unconnected
WMT,HON,0.48733392357826233,3.227769165465096e-22,unconnected
JPM,LLY,0.07484851777553558,0.16294729709625244,unconnected
JPM,XOM,-0.2133604884147644,5.8702931710286066e-05,unconnected
JPM,JNJ,0.0507713258266449,0.3443044424057007,unconnected
JPM,ORCL,-0.17416810989379883,0.0010867032688111067,upstream
JPM,COST,-0.17692314088344574,0.0009015805553644896,unconnected
JPM,NFLX,-0.19524937868118286,0.00024268928973469883,unconnected
JPM,BAC,0.7776194214820862,0.0,unconnected
JPM,ABBV,-0.12011443823575974,0.024832217022776604,unconnected
JPM,CAT,0.07467961311340332,0.16390128433704376,unconnected
JPM,CVX,-0.23981508612632751,5.8893583627650514e-06,unconnected
JPM,HD,-0.12830577790737152,0.01647266000509262,unconnected
JPM,INTC,-0.08346062153577805,0.11963801085948944,unconnected
JPM,PG,0.09805087000131607,0.06731276214122772,unconnected
JPM,CSCO,0.06469213962554932,0.22801950573921204,unconnected
JPM,KO,-0.06196672469377518,0.24825766682624817,unconnected
JPM,GE,-0.009030476212501526,0.8665037155151367,unconnected
JPM,AMAT,-0.1392279863357544,0.009204646572470665,unconnected
JPM,MS,0.7019338607788086,0.0,unconnected
JPM,UNH,-0.012443247251212597,0.8168214559555054,unconnected
JPM,MRK,-0.04592873156070709,0.39233389496803284,unconnected
JPM,GS,0.6568210124969482,1.961817850054744e-44,unconnected
JPM,RTX,-0.1283801645040512,0.01640971004962921,unconnected
JPM,WFC,0.7778936624526978,0.0,unconnected
JPM,PM,-0.2191801369190216,3.623493103077635e-05,unconnected
JPM,IBM,-0.09227866679430008,0.08517850190401077,upstream
JPM,AXP,-0.2032688707113266,0.0001314388937316835,unconnected
JPM,C,0.8197478652000427,0.0,unconnected
JPM,MCD,-0.2001752108335495,0.00016699385014362633,unconnected
JPM,PEP,-0.17118240892887115,0.0013264009030535817,unconnected
JPM,TXN,-0.09766210615634918,0.06841079145669937,unconnected
JPM,VZ,-0.11683585494756699,0.029085766524076462,downstream
JPM,AMGN,-0.2552107572555542,1.3594778920378303e-06,unconnected
JPM,NEE,0.03934796527028084,0.4637243151664734,unconnected
JPM,T,-0.38309693336486816,1.2071553067045937e-13,unconnected
JPM,BA,-0.08077455312013626,0.1320565789937973,unconnected
JPM,TJX,0.004489297047257423,0.9334009885787964,unconnected
JPM,GILD,0.13699334859848022,0.01040242612361908,unconnected
JPM,ABT,-0.16873380541801453,0.0015582405030727386,unconnected
JPM,SCHW,-0.09230448305606842,0.08509106189012527,downstream
JPM,DE,0.02891950123012066,0.5902771353721619,unconnected
JPM,ETN,-0.19903920590877533,0.00018217471370007843,unconnected
JPM,PFE,0.046469707041978836,0.3867761492729187,unconnected
JPM,UNP,0.12278567254543304,0.0217741671949625,unconnected
JPM,WELL,-0.20642396807670593,0.00010258312249789014,unconnected
JPM,HON,-0.041114915162324905,0.4438795745372772,unconnected
LLY,XOM,-0.029814796522259712,0.5788177847862244,unconnected
LLY,JNJ,0.2673778235912323,3.984276872870396e-07,unconnected
LLY,ORCL,0.08334103971719742,0.1201707199215889,unconnected
LLY,COST,0.06704621762037277,0.2115047425031662,unconnected
LLY,NFLX,-0.0887160524725914,0.09799136966466904,unconnected
LLY,BAC,-0.04282548278570175,0.4251366853713989,unconnected
LLY,ABBV,0.040605466812849045,0.4495518207550049,unconnected
LLY,CAT,0.10964930802583694,0.04063395410776138,unconnected
LLY,CVX,-0.09405440837144852,0.07931573688983917,unconnected
LLY,HD,0.10142013430595398,0.058388352394104004,unconnected
LLY,INTC,0.0001578569208504632,0.9976558089256287,unconnected
LLY,PG,0.3079894781112671,4.189462110559816e-09,unconnected
LLY,CSCO,0.14573661983013153,0.006383704487234354,unconnected
LLY,KO,0.14544302225112915,0.006491986569017172,unconnected
LLY,GE,-0.14034461975097656,0.008653348311781883,unconnected
LLY,AMAT,0.021347589790821075,0.6910567283630371,unconnected
LLY,MS,0.024007147178053856,0.6549133658409119,unconnected
LLY,UNH,0.26126646995544434,7.43732357477711e-07,unconnected
LLY,MRK,-0.053883131593465805,0.31550541520118713,unconnected
LLY,GS,-0.005710765719413757,0.9153417944908142,unconnected
LLY,RTX,0.04693231359124184,0.3820612132549286,unconnected
LLY,WFC,0.007242116611450911,0.8927623629570007,unconnected
LLY,PM,0.01646173931658268,0.7592635750770569,unconnected
LLY,IBM,0.030639715492725372,0.5683531761169434,unconnected
LLY,AXP,-0.09811152517795563,0.06714268028736115,unconnected
LLY,C,0.00972799863666296,0.8563004732131958,unconnected
LLY,MCD,0.055959030985832214,0.29719534516334534,unconnected
LLY,PEP,0.03185366839170456,0.553119957447052,unconnected
LLY,TXN,0.027760498225688934,0.6052621603012085,unconnected
LLY,VZ,-0.12532782554626465,0.019172536209225655,unconnected
LLY,AMGN,0.18140050768852234,0.000661699625197798,unconnected
LLY,NEE,-0.0009839795529842377,0.9853869080543518,unconnected
LLY,T,-0.32844969630241394,3.189715991336328e-10,unconnected
LLY,BA,-0.13029982149600983,0.01485636830329895,unconnected
LLY,TJX,-0.01340862549841404,0.8028912544250488,unconnected
LLY,GILD,-0.12777289748191833,0.01692981645464897,unconnected
LLY,ABT,0.2114715576171875,6.84640253894031e-05,unconnected
LLY,SCHW,0.01883901096880436,0.7258058190345764,unconnected
LLY,DE,0.1476370394229889,0.0057211280800402164,unconnected
LLY,ETN,-0.05523855239152908,0.3034674823284149,unconnected
LLY,PFE,0.30540767312049866,5.7192468538858066e-09,unconnected
LLY,UNP,0.2661442756652832,4.524913777004258e-07,unconnected
LLY,WELL,0.0190818440169096,0.7224161624908447,unconnected
LLY,HON,0.23027567565441132,1.3927442523709033e-05,unconnected
XOM,JNJ,-0.10176574438810349,0.05753108114004135,unconnected
XOM,ORCL,0.044816941022872925,0.40390586853027344,unconnected
XOM,COST,-0.014464381150901318,0.7877284288406372,unconnected
XOM,NFLX,-0.011153959669172764,0.835516631603241,unconnected
XOM,BAC,-0.2615979313850403,7.192682573986531e-07,unconnected
XOM,ABBV,-0.04788845404982567,0.3724296987056732,unconnected
XOM,CAT,-0.05349180847406387,0.31903722882270813,downstream
XOM,CVX,0.23460297286510468,9.46775071497541e-06,unconnected
XOM,HD,-0.04550905153155327,0.3966778814792633,unconnected
XOM,INTC,0.025873204693198204,0.630020797252655,unconnected
XOM,PG,-0.07260628789663315,0.17595385015010834,unconnected
XOM,CSCO,-0.1447383165359497,0.006758593954145908,unconnected
XOM,KO,0.10193035751581192,0.05712638050317764,unconnected
XOM,GE,-0.05514355003833771,0.3043011724948883,unconnected
XOM,AMAT,0.11045882850885391,0.03916456550359726,unconnected
XOM,MS,-0.17239540815353394,0.0012236901093274355,unconnected
XOM,UNH,-0.07942916452884674,0.13863959908485413,unconnected
XOM,MRK,-0.1027207002043724,0.05521615967154503,unconnected
XOM,GS,-0.17315900325775146,0.0011628468055278063,unconnected
XOM,RTX,0.002551028272137046,0.9621249437332153,unconnected
XOM,WFC,-0.22359421849250793,2.4912615117500536e-05,unconnected
XOM,PM,-0.05994318798184395,0.2640719711780548,unconnected
XOM,IBM,0.05991480126976967,0.2642984986305237,unconnected
XOM,AXP,0.1279163360595703,0.016805704683065414,unconnected
XOM,C,-0.22294020652770996,2.6347093807999045e-05,upstream
XOM,MCD,0.07488503307104111,0.16274183988571167,unconnected
XOM,PEP,0.0408952496945858,0.446320503950119,unconnected
XOM,TXN,-0.02578144520521164,0.6312358975410461,unconnected
XOM,VZ,-0.08030515909194946,0.13432562351226807,unconnected
XOM,AMGN,-0.04362955689430237,0.41648775339126587,unconnected
XOM,NEE,-0.03378116711974144,0.529349148273468,unconnected
XOM,T,0.08305937796831131,0.12143252044916153,unconnected
XOM,BA,0.07569999992847443,0.15820170938968658,unconnected
XOM,TJX,-0.10057578235864639,0.06052740290760994,unconnected
XOM,GILD,0.11935099214315414,0.025771524757146835,unconnected
XOM,ABT,0.12040736526250839,0.024479752406477928,unconnected
XOM,SCHW,-0.034659892320632935,0.5186870098114014,unconnected
XOM,DE,-0.04555872827768326,0.3961630165576935,unconnected
XOM,ETN,0.012822999618947506,0.8113354444503784,unconnected
XOM,PFE,-0.1118730679154396,0.03670549765229225,unconnected
XOM,UNP,-0.2066642940044403,0.00010064901289297268,unconnected
XOM,WELL,-0.05063215270638466,0.3456309735774994,unconnected
XOM,HON,-0.09713412076234818,0.06992553174495697,upstream
JNJ,ORCL,0.003400625428184867,0.9495258331298828,unconnected
JNJ,COST,0.1606527864933014,0.0026120576076209545,unconnected
JNJ,NFLX,-0.2056368887424469,0.00010916525934590027,unconnected
JNJ,BAC,-0.027658652514219284,0.6065865755081177,unconnected
JNJ,ABBV,0.15782509744167328,0.003112644888460636,unconnected
JNJ,CAT,0.1971111297607422,0.00021093488612677902,unconnected
JNJ,CVX,-0.24352678656578064,4.172276476310799e-06,unconnected
JNJ,HD,0.46041274070739746,1.0304503606946748e-19,unconnected
JNJ,INTC,-0.018366768956184387,0.7324123978614807,unconnected
JNJ,PG,0.5828450918197632,3.869719688725293e-33,unconnected
JNJ,CSCO,0.48642203211784363,3.9571959016915635e-22,unconnected
JNJ,KO,0.1339920312166214,0.012227622792124748,unconnected
JNJ,GE,-0.2521577775478363,1.8321098878004705e-06,unconnected
JNJ,AMAT,0.010857672430574894,0.8398253917694092,unconnected
JNJ,MS,0.0428093820810318,0.4253108501434326,unconnected
JNJ,UNH,0.6782580018043518,0.0,unconnected
JNJ,MRK,-0.03834065794944763,0.4752543568611145,unconnected
JNJ,GS,0.006982256192713976,0.8965885639190674,unconnected
JNJ,RTX,0.08062653988599777,0.13276900351047516,unconnected
JNJ,WFC,0.06637643277645111,0.21611298620700836,unconnected
JNJ,PM,0.16645599901676178,0.001806701417081058,unconnected
JNJ,IBM,0.3020283877849579,8.556417796512505e-09,unconnected
JNJ,AXP,0.10177621245384216,0.05750522017478943,upstream
JNJ,C,-0.01151740737259388,0.8302366137504578,unconnected
JNJ,MCD,0.2545546591281891,1.4499756844088552e-06,unconnected
JNJ,PEP,0.034212786704301834,0.5240975618362427,unconnected
JNJ,TXN,0.0842287465929985,0.11625930666923523,unconnected
JNJ,VZ,-0.13780656456947327,0.00995146855711937,unconnected
JNJ,AMGN,0.46624985337257385,3.081094300982308e-20,unconnected
JNJ,NEE,-0.08444905281066895,0.11530426889657974,unconnected
JNJ,T,-0.4072043299674988,2.262477306400729e-15,unconnected
JNJ,BA,-0.5217254161834717,9.334977510064275e-26,unconnected
JNJ,TJX,0.06632493436336517,0.21647030115127563,unconnected
JNJ,GILD,-0.15333691239356995,0.004087985027581453,unconnected
JNJ,ABT,0.05701800808310509,0.2881322503089905,unconnected
JNJ,SCHW,0.12681393325328827,0.017780574038624763,unconnected
JNJ,DE,0.32579416036605835,4.505103512464359e-10,unconnected
JNJ,ETN,0.02051779069006443,0.7024838328361511,unconnected
JNJ,PFE,0.631016194820404,3.6883296619800645e-40,unconnected
JNJ,UNP,0.5326446294784546,5.752121424048903e-27,unconnected
JNJ,WELL,-0.0007560316589660943,0.9887716770172119,unconnected
JNJ,HON,0.5325817465782166,5.846792821581191e-27,unconnected
ORCL,COST,0.1774807721376419,0.0008678471203893423,unconnected
ORCL,NFLX,-0.09606921672821045,0.07306406646966934,unconnected
ORCL,BAC,-0.08021445572376251,0.13476696610450745,downstream
ORCL,ABBV,-0.014209602028131485,0.7913802266120911,unconnected
ORCL,CAT,-0.0023740006145089865,0.9647514224052429,unconnected
ORCL,CVX,0.02753990888595581,0.6081328392028809,unconnected
ORCL,HD,0.04014492407441139,0.4547136127948761,unconnected
ORCL,INTC,0.04533299803733826,0.3985092043876648,upstream
ORCL,PG,-0.008196084760129452,0.8787379264831543,unconnected
ORCL,CSCO,0.0827864408493042,0.12266568839550018,unconnected
ORCL,KO,0.1586732715368271,0.002954038791358471,unconnected
ORCL,GE,-0.16180621087551117,0.002429804066196084,unconnected
ORCL,AMAT,-0.002395493211224675,0.9644330143928528,unconnected
ORCL,MS,-0.06168454512953758,0.25042325258255005,unconnected
ORCL,UNH,0.04463513568043709,0.40581730008125305,unconnected
ORCL,MRK,-0.08051444590091705,0.13331015408039093,unconnected
ORCL,GS,-0.11009838432073593,0.03981323540210724,unconnected
ORCL,RTX,0.1922706961631775,0.00030291680013760924,unconnected
ORCL,WFC,-0.1361689269542694,0.010878058150410652,unconnected
ORCL,PM,0.10218009352684021,0.056516945362091064,unconnected
ORCL,IBM,0.12782442569732666,0.01688515581190586,bidirectional
ORCL,AXP,0.09271235018968582,0.08371540904045105,upstream
ORCL,C,-0.12559804320335388,0.01891256310045719,unconnected
ORCL,MCD,-0.03767523914575577,0.48295608162879944,unconnected
ORCL,PEP,0.07684148102998734,0.15200480818748474,unconnected
ORCL,TXN,0.0752706304192543,0.160581573843956,unconnected
ORCL,VZ,-0.08844992518424988,0.09900672733783722,downstream
ORCL,AMGN,0.07939521223306656,0.13880904018878937,unconnected
ORCL,NEE,0.12290049344301224,0.0216504018753767,unconnected
ORCL,T,-0.07752567529678345,0.14837978780269623,unconnected
ORCL,BA,-0.17479142546653748,0.0010419904720038176,unconnected
ORCL,TJX,0.08630846440792084,0.10748614370822906,unconnected
ORCL,GILD,-0.025439158082008362,0.635775089263916,unconnected
ORCL,ABT,0.03334899991750717,0.5346331596374512,unconnected
ORCL,SCHW,0.02580311894416809,0.6309486031532288,unconnected
ORCL,DE,0.009413032792508602,0.86090487241745,unconnected
ORCL,ETN,0.09835392236709595,0.06646688282489777,unconnected
ORCL,PFE,0.021504435688257217,0.6889057755470276,downstream
ORCL,UNP,0.028252560645341873,0.5988787412643433,unconnected
ORCL,WELL,0.09516669064760208,0.07581307739019394,unconnected
ORCL,HON,0.025430895388126373,0.6358844041824341,unconnected
COST,NFLX,-0.034480247646570206,0.5208578705787659,unconnected
COST,BAC,-0.15059612691402435,0.0048117851838469505,unconnected
COST,ABBV,-0.02496432140469551,0.6420950889587402,unconnected
COST,CAT,0.09441561996936798,0.07816413044929504,unconnected
COST,CVX,-0.0840178057551384,0.11717982590198517,unconnected
COST,HD,0.0600842647254467,0.2629479467868805,unconnected
COST,INTC,0.24424289166927338,3.901363470504293e-06,unconnected
COST,PG,0.17425255477428436,0.001080547459423542,upstream
COST,CSCO,0.1760329008102417,0.000957949087023735,unconnected
COST,KO,0.26625311374664307,4.4745135596713226e-07,unconnected
COST,GE,-0.12029048055410385,0.0246198158711195,unconnected
COST,AMAT,-0.02111143060028553,0.6943017244338989,unconnected
COST,MS,-0.13764289021492004,0.010040822438895702,unconnected
COST,UNH,0.21041926741600037,7.454504520865157e-05,unconnected
COST,MRK,0.27100440859794617,2.7307339678372955e-07,unconnected
COST,GS,-0.11805736273527145,0.027433138340711594,unconnected
COST,RTX,0.028374694287776947,0.5972999334335327,unconnected
COST,WFC,-0.2266470193862915,1.91410981642548e-05,unconnected
COST,PM,0.23651184141635895,7.96674157754751e-06,unconnected
COST,IBM,0.04678666219115257,0.383542001247406,unconnected
COST,AXP,0.05274897813796997,0.3258141875267029,upstream
COST,C,-0.17030297219753265,0.0014057486550882459,unconnected
COST,MCD,0.10826285183429718,0.0432584211230278,unconnected
COST,PEP,0.1357146054506302,0.011148291639983654,unconnected
COST,TXN,0.16416853666305542,0.0020922080148011446,unconnected
COST,VZ,-0.11771227419376373,0.02789166010916233,upstream
COST,AMGN,0.24827392399311066,2.6632346816768404e-06,unconnected
COST,NEE,-0.0783567726612091,0.14406484365463257,unconnected
COST,T,-0.10964899510145187,0.04063461348414421,unconnected
COST,BA,-0.22177213430404663,2.9105642170179635e-05,unconnected
COST,TJX,0.1636432409286499,0.0021633468568325043,unconnected
COST,GILD,-0.1542341709136963,0.0038733421824872494,unconnected
COST,ABT,0.2765384316444397,1.5179590207026195e-07,unconnected
COST,SCHW,0.1928897500038147,0.00028935796581208706,unconnected
COST,DE,0.12652024626731873,0.01804838702082634,unconnected
COST,ETN,-0.12093828618526459,0.02385181002318859,unconnected
COST,PFE,0.18343141674995422,0.000573701981920749,unconnected
COST,UNP,0.11070210486650467,0.03873182833194733,unconnected
COST,WELL,0.0746590718626976,0.16401737928390503,unconnected
COST,HON,0.09379327297210693,0.08015698939561844,unconnected
NFLX,BAC,-0.28998318314552307,3.450610819299982e-08,unconnected
NFLX,ABBV,-0.03706671670079231,0.4900583326816559,unconnected
NFLX,CAT,-0.3776342570781708,2.843585555824951e-13,unconnected
NFLX,CVX,0.08681774139404297,0.10541950166225433,unconnected
NFLX,HD,-0.2739197909832001,2.0074040207873622e-07,unconnected
NFLX,INTC,-0.015568139962852001,0.7719608545303345,unconnected
NFLX,PG,-0.23483459651470184,9.27222481550416e-06,unconnected
NFLX,CSCO,-0.1241198182106018,0.020373065024614334,unconnected
NFLX,KO,-0.024360131472349167,0.650174081325531,unconnected
NFLX,GE,0.22802038490772247,1.6980944565148093e-05,unconnected
NFLX,AMAT,-0.12772734463214874,0.01696939393877983,unconnected
NFLX,MS,-0.31551095843315125,1.6627040855254904e-09,unconnected
NFLX,UNH,-0.2899334132671356,3.4700647688623576e-08,unconnected
NFLX,MRK,0.19567133486270905,0.00023512315237894654,unconnected
NFLX,GS,-0.25940901041030884,8.963302775555348e-07,unconnected
NFLX,RTX,-0.09141605347394943,0.08815019577741623,unconnected
NFLX,WFC,-0.10008055716753006,0.06181170418858528,unconnected
NFLX,PM,0.033220406621694565,0.5362110137939453,unconnected
NFLX,IBM,-0.22668099403381348,1.9084653104073368e-05,unconnected
NFLX,AXP,-0.18853263556957245,0.0003982330672442913,unconnected
NFLX,C,-0.2674880623817444,3.939142061426537e-07,unconnected
NFLX,MCD,-0.12994518876075745,0.015133232809603214,unconnected
NFLX,PEP,-0.07362738251686096,0.1699385792016983,unconnected
NFLX,TXN,0.02034791186451912,0.7048314809799194,unconnected
NFLX,VZ,0.03357693552970886,0.531842827796936,unconnected
NFLX,AMGN,-0.24402962625026703,3.98023939851555e-06,unconnected
NFLX,NEE,-0.1533806025981903,0.004077275283634663,unconnected
NFLX,T,0.25383153557777405,1.556389747747744e-06,unconnected
NFLX,BA,0.3139481842517853,2.018994083030634e-09,unconnected
NFLX,TJX,-0.030422905460000038,0.5710951685905457,unconnected
NFLX,GILD,-0.10005514323711395,0.061878472566604614,unconnected
NFLX,ABT,-0.07304562628269196,0.17334675788879395,unconnected
NFLX,SCHW,0.08726237714290619,0.1036408469080925,unconnected
NFLX,DE,-0.3802781105041504,1.8821036851419948e-13,unconnected
NFLX,ETN,0.11180878430604935,0.03681431710720062,unconnected
NFLX,PFE,-0.21128593385219574,6.95015478413552e-05,unconnected
NFLX,UNP,-0.2531557083129883,1.6625659782221192e-06,unconnected
NFLX,WELL,-0.1459808051586151,0.006294860038906336,unconnected
NFLX,HON,-0.19425120949745178,0.00026149966288357973,unconnected
BAC,ABBV,-0.14334288239479065,0.007315661292523146,unconnected
BAC,CAT,0.11069905012845993,0.03873731568455696,unconnected
BAC,CVX,-0.254788339138031,1.4170905160426628e-06,unconnected
BAC,HD,-0.08624771982431412,0.10773498564958572,unconnected
BAC,INTC,-0.06800391525030136,0.20503826439380646,unconnected
BAC,PG,-0.013152552768588066,0.8065803647041321,unconnected
BAC,CSCO,-0.032894592732191086,0.5402181148529053,unconnected
BAC,KO,-0.11326722800731659,0.034410711377859116,unconnected
BAC,GE,-0.18935200572013855,0.00037521737976931036,unconnected
BAC,AMAT,-0.10094679892063141,0.0595797523856163,unconnected
BAC,MS,0.8754454851150513,0.0,unconnected
BAC,UNH,-0.06652654707431793,0.2150740623474121,unconnected
BAC,MRK,-0.06996989250183105,0.19221492111682892,unconnected
BAC,GS,0.7820708751678467,0.0,unconnected
BAC,RTX,-0.061618465930223465,0.2509317994117737,unconnected
BAC,WFC,0.6554818153381348,3.0828566215145976e-44,unconnected
BAC,PM,-0.1771342158317566,0.0008886698633432388,unconnected
BAC,IBM,-0.0972079187631607,0.06971219182014465,upstream
BAC,AXP,-0.04129265993833542,0.44191038608551025,unconnected
BAC,C,0.9122244715690613,0.0,unconnected
BAC,MCD,-0.21744491159915924,4.1898107156157494e-05,unconnected
BAC,PEP,-0.08120889216661453,0.12998339533805847,unconnected
BAC,TXN,-0.0894867330789566,0.09509707987308502,unconnected
BAC,VZ,-0.03191583603620529,0.5523459911346436,unconnected
BAC,AMGN,-0.20313847064971924,0.00013278177357278764,unconnected
BAC,NEE,0.15867887437343597,0.0029530159663408995,unconnected
BAC,T,-0.28676894307136536,4.952243060074579e-08,unconnected
BAC,BA,-0.19533996284008026,0.00024104600015562028,unconnected
BAC,TJX,0.04553261026740074,0.3964340090751648,unconnected
BAC,GILD,0.08037523925304413,0.13398493826389313,unconnected
BAC,ABT,-0.13268253207206726,0.013108794577419758,unconnected
BAC,SCHW,-0.1394704282283783,0.009082349948585033,unconnected
BAC,DE,0.019157184287905693,0.7213656306266785,unconnected
BAC,ETN,-0.17371073365211487,0.0011206298368051648,unconnected
BAC,PFE,0.006578101310878992,0.9025432467460632,unconnected
BAC,UNP,0.10573273152112961,0.04841601103544235,unconnected
BAC,WELL,0.033403605222702026,0.5339640974998474,unconnected
BAC,HON,-0.1004602238535881,0.06082531064748764,unconnected
ABBV,CAT,-0.10909120738506317,0.04167388752102852,unconnected
ABBV,CVX,-0.026326004415750504,0.6240405440330505,unconnected
ABBV,HD,-0.03213595226407051,0.5496063232421875,unconnected
ABBV,INTC,-0.006120605394244194,0.9092913866043091,unconnected
ABBV,PG,0.09347306191921234,0.08119814097881317,unconnected
ABBV,CSCO,0.14078563451766968,0.008443810045719147,unconnected
ABBV,KO,-0.09212461858987808,0.08570344001054764,unconnected
ABBV,GE,0.04168935492634773,0.43753311038017273,unconnected
ABBV,AMAT,0.005805002059787512,0.9139493107795715,unconnected
ABBV,MS,-0.05875072255730629,0.2737082839012146,unconnected
ABBV,UNH,0.11814994364976883,0.027311181649565697,unconnected
ABBV,MRK,-0.11047588288784027,0.03913411498069763,unconnected
ABBV,GS,-0.14314942061901093,0.007396050728857517,unconnected
ABBV,RTX,-0.0964471772313118,0.07193707674741745,unconnected
ABBV,WFC,-0.03328143060207367,0.5354620218276978,unconnected
ABBV,PM,-0.13496048748493195,0.011609981767833233,unconnected
ABBV,IBM,0.06370237469673157,0.23522979021072388,unconnected
ABBV,AXP,-0.044278766959905624,0.4095805287361145,unconnected
ABBV,C,-0.17223620414733887,0.0012367445742711425,unconnected
ABBV,MCD,-0.05301545187830925,0.3233720064163208,unconnected
ABBV,PEP,-0.07528483867645264,0.16050252318382263,unconnected
ABBV,TXN,-0.17305390536785126,0.0011710566468536854,unconnected
ABBV,VZ,-0.011921714060008526,0.8243716359138489,unconnected
ABBV,AMGN,0.10776650905609131,0.044232115149497986,unconnected
ABBV,NEE,-0.06102171540260315,0.2555595338344574,unconnected
ABBV,T,-0.04489000514149666,0.40313905477523804,unconnected
ABBV,BA,-0.024731604382395744,0.6452018618583679,unconnected
ABBV,TJX,-0.04298868030309677,0.42337286472320557,unconnected
ABBV,GILD,-0.032448574900627136,0.5457286834716797,unconnected
ABBV,ABT,-0.08524034917354584,0.11192436516284943,downstream
ABBV,SCHW,0.00713275047019124,0.894371509552002,unconnected
ABBV,DE,-0.01514430996030569,0.7780041098594666,unconnected
ABBV,ETN,-0.005353338085114956,0.9206218719482422,unconnected
ABBV,PFE,0.11407127976417542,0.03314356505870819,unconnected
ABBV,UNP,0.03874165564775467,0.4706454873085022,unconnected
ABBV,WELL,-0.0260931383818388,0.627113401889801,unconnected
ABBV,HON,0.06969296932220459,0.1939847767353058,unconnected
CAT,CVX,-0.0747729241847992,0.16337361931800842,unconnected
CAT,HD,0.3188610374927521,1.0924893212305165e-09,unconnected
CAT,INTC,0.027777275070548058,0.6050436496734619,unconnected
CAT,PG,0.31152331829071045,2.722681635702884e-09,unconnected
CAT,CSCO,0.21693925559520721,4.369976159068756e-05,unconnected
CAT,KO,0.21909216046333313,3.650371581898071e-05,unconnected
CAT,GE,-0.3768925964832306,3.1904784803665764e-13,unconnected
CAT,AMAT,-0.03804933279752731,0.47861817479133606,unconnected
CAT,MS,0.19406090676784515,0.0002652361581567675,unconnected
CAT,UNH,0.3210909068584442,8.236613613377131e-10,unconnected
CAT,MRK,-0.06295031309127808,0.2408140003681183,unconnected
CAT,GS,0.13732758164405823,0.010214964859187603,unconnected
CAT,RTX,0.20603115856647491,0.00010581964306766167,unconnected
CAT,WFC,-0.10106423497200012,0.059282369911670685,unconnected
CAT,PM,0.17332251369953156,0.0011501811677590013,unconnected
CAT,IBM,0.25936639308929443,9.00155953331705e-07,unconnected
CAT,AXP,0.293833464384079,2.2250880249430338e-08,unconnected
CAT,C,0.17274363338947296,0.0011955882655456662,unconnected
CAT,MCD,0.2264060229063034,1.954613981069997e-05,unconnected
CAT,PEP,0.21184715628623962,6.640880746999756e-05,unconnected
CAT,TXN,0.06314386427402496,0.23936842381954193,unconnected
CAT,VZ,-0.15594834089279175,0.0034913953859359026,unconnected
CAT,AMGN,0.3563045859336853,6.942155617722934e-12,unconnected
CAT,NEE,0.20701897144317627,9.78573807515204e-05,unconnected
CAT,T,-0.26677998900413513,4.238043800341984e-07,unconnected
CAT,BA,-0.5070347785949707,3.395570119420155e-24,unconnected
CAT,TJX,-0.004755515139549971,0.9294619560241699,unconnected
CAT,GILD,-0.21999062597751617,3.384516458027065e-05,unconnected
CAT,ABT,0.025180671364068985,0.6392119526863098,unconnected
CAT,SCHW,-0.014892257750034332,0.7816058993339539,unconnected
CAT,DE,0.8080356121063232,0.0,unconnected
CAT,ETN,-0.055070869624614716,0.30494028329849243,downstream
CAT,PFE,0.24523654580116272,3.5531340927263955e-06,unconnected
CAT,UNP,0.4620465338230133,7.366885398798896e-20,unconnected
CAT,WELL,0.06216439604759216,0.2467491775751114,unconnected
CAT,HON,0.2664240300655365,4.396439123866003e-07,upstream
CVX,HD,-0.29628095030784607,1.6778246347826098e-08,unconnected
CVX,INTC,-0.07272741198539734,0.1752321571111679,unconnected
CVX,PG,-0.35043737292289734,1.604867454207959e-11,unconnected
CVX,CSCO,-0.23563235998153687,8.627693205198739e-06,unconnected
CVX,KO,0.005254867486655712,0.9220772385597229,unconnected
CVX,GE,0.08781266212463379,0.10147267580032349,unconnected
CVX,AMAT,0.08354923874139786,0.1192440465092659,unconnected
CVX,MS,-0.18371151387691498,0.0005624531186185777,unconnected
CVX,UNH,-0.34572723507881165,3.1060407718053185e-11,unconnected
CVX,MRK,-0.07326330244541168,0.17206557095050812,unconnected
CVX,GS,-0.09520862251520157,0.07568342983722687,unconnected
CVX,RTX,-0.1342214047908783,0.012078785337507725,unconnected
CVX,WFC,-0.21339471638202667,5.853888069395907e-05,unconnected
CVX,PM,-0.04158996045589447,0.4386277198791504,unconnected
CVX,IBM,-0.17684921622276306,0.0009061411255970597,unconnected
CVX,AXP,-0.004203039687126875,0.9376381635665894,unconnected
CVX,C,-0.1628505140542984,0.00227487925440073,unconnected
CVX,MCD,-0.13982456922531128,0.008906310424208641,unconnected
CVX,PEP,0.03314652293920517,0.5371187925338745,unconnected
CVX,TXN,0.0011367241386324167,0.9831175208091736,unconnected
CVX,VZ,-0.035821519792079926,0.5047624111175537,unconnected
CVX,AMGN,-0.2014116793870926,0.00015181960770860314,unconnected
CVX,NEE,-0.07647814601659775,0.15395717322826385,unconnected
CVX,T,0.29531821608543396,1.8754686692545874e-08,unconnected
CVX,BA,0.23011480271816254,1.4126643691270147e-05,unconnected
CVX,TJX,-0.10335884988307953,0.05371281877160072,unconnected
CVX,GILD,-0.009523321874439716,0.8592922687530518,unconnected
CVX,ABT,-0.05018983781337738,0.34986594319343567,unconnected
CVX,SCHW,-0.021312251687049866,0.6915428638458252,unconnected
CVX,DE,-0.1653272956609726,0.0019427974475547671,unconnected
CVX,ETN,0.13395097851753235,0.012254482135176659,unconnected
CVX,PFE,-0.37887054681777954,2.345672213324018e-13,unconnected
CVX,UNP,-0.3372802138328552,9.876289369659119e-11,unconnected
CVX,WELL,-0.06569863855838776,0.22084985673427582,unconnected
CVX,HON,-0.2727230489253998,2.2786845477185125e-07,unconnected
HD,INTC,-0.03002775087952614,0.5761083364486694,unconnected
HD,PG,0.38729414343833923,6.181631541282012e-14,unconnected
HD,CSCO,0.3716784417629242,7.107124676102028e-13,unconnected
HD,KO,0.1107933521270752,0.03857067599892616,unconnected
HD,GE,-0.45545515418052673,2.821745713965658e-19,upstream
HD,AMAT,0.042938005179166794,0.4239199757575989,unconnected
HD,MS,-0.057345014065504074,0.285371869802475,unconnected
HD,UNH,0.5252780914306641,3.811866181623722e-26,unconnected
HD,MRK,0.05977148935198784,0.26544463634490967,unconnected
HD,GS,-0.040941085666418076,0.4458099603652954,unconnected
HD,RTX,0.22317451238632202,2.582426168373786e-05,unconnected
HD,WFC,-0.1634402871131897,0.0021914236713200808,unconnected
HD,PM,0.15265752375125885,0.0042575872503221035,unconnected
HD,IBM,0.4657611548900604,3.411802402350716e-20,unconnected
HD,AXP,0.46359115839004517,5.355181825952506e-20,unconnected
HD,C,-0.10462817549705505,0.05082349479198456,upstream
HD,MCD,0.46536192297935486,3.707731759487817e-20,unconnected
HD,PEP,0.1052706241607666,0.04941131919622421,unconnected
HD,TXN,0.012969368137419224,0.8092227578163147,unconnected
HD,VZ,0.010298596695065498,0.8479703664779663,unconnected
HD,AMGN,0.5246461033821106,4.473780878267207e-26,unconnected
HD,NEE,0.057942990213632584,0.28037020564079285,unconnected
HD,T,-0.14624008536338806,0.00620176550000906,unconnected
HD,BA,-0.545473575592041,1.9076277117551024e-28,unconnected
HD,TJX,0.1537100225687027,0.003997456282377243,unconnected
HD,GILD,-0.040958307683467865,0.4456191062927246,unconnected
HD,ABT,0.0826122984290123,0.12345751374959946,unconnected
HD,SCHW,0.06472573429346085,0.2277774065732956,unconnected
HD,DE,0.38926658034324646,4.498527608363598e-14,unconnected
HD,ETN,-0.00433688797056675,0.9356579184532166,unconnected
HD,PFE,0.4663431942462921,3.0216116138866494e-20,unconnected
HD,UNP,0.5178309082984924,2.4620506624128823e-25,unconnected
HD,WELL,0.15983149409294128,0.002749307081103325,unconnected
HD,HON,0.38719668984413147,6.279183309377753e-14,unconnected
INTC,PG,0.02760292962193489,0.6073129177093506,unconnected
INTC,CSCO,0.009026166051626205,0.86656653881073,unconnected
INTC,KO,0.10738164186477661,0.04499979317188263,unconnected
INTC,GE,-0.05728475749492645,0.2858797311782837,unconnected
INTC,AMAT,-0.021557465195655823,0.6881784796714783,upstream
INTC,MS,-0.06719960272312164,0.21045908331871033,unconnected
INTC,UNH,0.027656808495521545,0.606611430644989,unconnected
INTC,MRK,0.06975991278886795,0.19355550408363342,unconnected
INTC,GS,-0.07126838713884354,0.18407326936721802,unconnected
INTC,RTX,-0.0136342728510499,0.7996437549591064,unconnected
INTC,WFC,-0.07362120598554611,0.16997464001178741,unconnected
INTC,PM,0.03666605427861214,0.49476465582847595,unconnected
INTC,IBM,-0.0018319584196433425,0.972795844078064,downstream
INTC,AXP,0.0792444720864296,0.13956241309642792,unconnected
INTC,C,-0.06569609045982361,0.22086748480796814,unconnected
INTC,MCD,0.04704146087169647,0.3809547424316406,unconnected
INTC,PEP,0.01995270885527134,0.7103053331375122,unconnected
INTC,TXN,0.11791115254163742,0.027626678347587585,unconnected
INTC,VZ,-0.06733033061027527,0.2095707505941391,unconnected
INTC,AMGN,0.03446391969919205,0.5210554599761963,unconnected
INTC,NEE,0.07262545824050903,0.17584004998207092,unconnected
INTC,T,-0.12510378658771515,0.019390366971492767,unconnected
INTC,BA,-0.05799289420247078,0.279955118894577,unconnected
INTC,TJX,0.019381728023290634,0.7182369232177734,unconnected
INTC,GILD,-0.11060191690921783,0.03890964761376381,unconnected
INTC,ABT,0.08234536647796631,0.12467870116233826,unconnected
INTC,SCHW,0.07564357668161392,0.15851335227489471,unconnected
INTC,DE,0.06683118641376495,0.2129759043455124,unconnected
INTC,ETN,-0.11971798539161682,0.025316307321190834,unconnected
INTC,PFE,0.036450497806072235,0.4973062574863434,unconnected
INTC,UNP,0.04213486239314079,0.43264758586883545,unconnected
INTC,WELL,-0.02684779092669487,0.6171808838844299,unconnected
INTC,HON,0.018353313207626343,0.7326011657714844,downstream
PG,CSCO,0.48134246468544006,1.2175932009357385e-21,unconnected
PG,KO,0.10451364517211914,0.05107882246375084,unconnected
PG,GE,-0.17938360571861267,0.0007613199413754046,unconnected
PG,AMAT,0.013590821996331215,0.8002696633338928,unconnected
PG,MS,0.053331173956394196,0.32049524784088135,unconnected
PG,UNH,0.6219655275344849,9.542565084956068e-39,unconnected
PG,MRK,-0.04188573732972145,0.43537604808807373,unconnected
PG,GS,0.01990583725273609,0.710955023765564,unconnected
PG,RTX,0.10356997698545456,0.05322300270199776,unconnected
PG,WFC,0.09293340891599655,0.08297761529684067,unconnected
PG,PM,0.05059279501438141,0.3460063338279724,unconnected
PG,IBM,0.27458685636520386,1.8699675763400592e-07,upstream
PG,AXP,-0.011864065192639828,0.8252079486846924,upstream
PG,C,0.004684353247284889,0.930514931678772,unconnected
PG,MCD,0.3308778703212738,2.3193344467209442e-10,unconnected
PG,PEP,-0.009731127880513668,0.856253445148468,unconnected
PG,TXN,0.0797860398888588,0.1368691772222519,unconnected
PG,VZ,-0.1993395835161209,0.00017803905939217657,unconnected
PG,AMGN,0.4046404957771301,3.507715265235853e-15,unconnected
PG,NEE,-0.07636676728725433,0.1545592099428177,unconnected
PG,T,-0.5216635465621948,9.480839124034804e-26,unconnected
PG,BA,-0.4552767276763916,2.9250523006674056e-19,unconnected
PG,TJX,0.01709027588367462,0.7503701448440552,unconnected
PG,GILD,-0.1275029331445694,0.017165664583444595,unconnected
PG,ABT,0.021212682127952576,0.6929103136062622,unconnected
PG,SCHW,0.1007726788520813,0.06002311035990715,unconnected
PG,DE,0.46604660153388977,3.214634856060752e-20,unconnected
PG,ETN,-0.0599762462079525,0.2638084888458252,unconnected
PG,PFE,0.6371495127677917,3.823863249449561e-41,unconnected
PG,UNP,0.6233587265014648,5.823659090484436e-39,unconnected
PG,WELL,-0.0536809079349041,0.3173272907733917,unconnected
PG,HON,0.581744909286499,5.426975299102304e-33,unconnected
CSCO,KO,0.1993957757949829,0.0001772758987499401,unconnected
CSCO,GE,-0.15962687134742737,0.0027845208533108234,unconnected
CSCO,AMAT,-0.027133550494909286,0.6134382486343384,unconnected
CSCO,MS,-0.006611184682697058,0.9020546674728394,unconnected
CSCO,UNH,0.514556348323822,5.511156819349269e-25,unconnected
CSCO,MRK,0.02320447564125061,0.6657429933547974,unconnected
CSCO,GS,-0.041899144649505615,0.43522825837135315,unconnected
CSCO,RTX,0.12310340255498886,0.02143314853310585,unconnected
CSCO,WFC,-0.005884832702577114,0.9127700328826904,downstream
CSCO,PM,0.1896086037158966,0.00036827047006227076,unconnected
CSCO,IBM,0.36406487226486206,2.2309218274813025e-12,bidirectional
CSCO,AXP,0.08360882103443146,0.11897986382246017,unconnected
CSCO,C,-0.033033184707164764,0.5385125875473022,unconnected
CSCO,MCD,0.11445542424917221,0.03255225345492363,unconnected
CSCO,PEP,0.09223869442939758,0.08531466126441956,downstream
CSCO,TXN,0.06166830658912659,0.25054803490638733,unconnected
CSCO,VZ,-0.15461809933185577,0.003784646512940526,bidirectional
CSCO,AMGN,0.34534040093421936,3.2775282488017865e-11,unconnected
CSCO,NEE,-0.05716101825237274,0.28692346811294556,unconnected
CSCO,T,-0.3440612852573395,3.912844007136762e-11,unconnected
CSCO,BA,-0.4875706732273102,3.0611506351208728e-22,downstream
CSCO,TJX,0.12310013920068741,0.021436579525470734,unconnected
CSCO,GILD,-0.1537659764289856,0.003984048496931791,unconnected
CSCO,ABT,0.08037307858467102,0.13399535417556763,unconnected
CSCO,SCHW,0.1379060000181198,0.009897537529468536,unconnected
CSCO,DE,0.3126915395259857,2.3581840924435937e-09,unconnected
CSCO,ETN,0.051108941435813904,0.3411015570163727,unconnected
CSCO,PFE,0.37920883297920227,2.224982757715807e-13,unconnected
CSCO,UNP,0.5423493385314941,4.432198914469219e-28,unconnected
CSCO,WELL,-0.02482832968235016,0.6439103484153748,unconnected
CSCO,HON,0.4722138047218323,8.760158534221239e-21,unconnected
KO,GE,-0.21960365772247314,3.496686986181885e-05,unconnected
KO,AMAT,-0.06673924624919891,0.213608056306839,unconnected
KO,MS,-0.06938815116882324,0.19594663381576538,unconnected
KO,UNH,0.15524296462535858,0.003644248005002737,unconnected
KO,MRK,0.09847614914178848,0.0661279484629631,unconnected
KO,GS,-0.12842053174972534,0.016375597566366196,unconnected
KO,RTX,0.07692188024520874,0.1515749990940094,unconnected
KO,WFC,-0.19079387187957764,0.00033770030131563544,unconnected
KO,PM,0.27130866050720215,2.6448836365489115e-07,unconnected
KO,IBM,0.16392889618873596,0.002124400809407234,unconnected
KO,AXP,0.1061239093542099,0.04758639633655548,unconnected
KO,C,-0.07557577639818192,0.15888741612434387,unconnected
KO,MCD,0.1043284684419632,0.051493704319000244,unconnected
KO,PEP,0.32290005683898926,6.538639074626929e-10,unconnected
KO,TXN,0.15864425897598267,0.002959354082122445,unconnected
KO,VZ,-0.2266249656677246,1.917782356031239e-05,unconnected
KO,AMGN,0.08287379890680313,0.12226991355419159,unconnected
KO,NEE,0.09976254403591156,0.06264836341142654,unconnected
KO,T,-0.193523570895195,0.00027606100775301456,unconnected
KO,BA,-0.21946701407432556,3.537122029229067e-05,unconnected
KO,TJX,0.09527446329593658,0.07548048347234726,unconnected
KO,GILD,-0.11689749360084534,0.029000386595726013,unconnected
KO,ABT,0.18019472062587738,0.0007196983206085861,unconnected
KO,SCHW,0.05380794033408165,0.31618139147758484,unconnected
KO,DE,0.17543695867061615,0.0009974787244573236,unconnected
KO,ETN,0.03427983820438385,0.5232848525047302,unconnected
KO,PFE,0.07739662379026413,0.14905814826488495,unconnected
KO,UNP,0.12658657133579254,0.017987625673413277,unconnected
KO,WELL,0.024337267503142357,0.6504809856414795,unconnected
KO,HON,0.04712534323334694,0.38010475039482117,unconnected
GE,AMAT,-0.13200919330120087,0.013583341613411903,unconnected
GE,MS,-0.22692115604877472,1.869004699983634e-05,unconnected
GE,UNH,-0.33617982268333435,1.1453305664987923e-10,unconnected
GE,MRK,0.04069938883185387,0.44850295782089233,unconnected
GE,GS,-0.1118411272764206,0.036759570240974426,upstream
GE,RTX,-0.23895591497421265,6.37347648080322e-06,unconnected
GE,WFC,0.019884079694747925,0.7112560272216797,unconnected
GE,PM,-0.1309722661972046,0.01434357650578022,unconnected
GE,IBM,-0.20150771737098694,0.00015069774235598743,unconnected
GE,AXP,-0.3859013020992279,7.72714276462208e-14,upstream
GE,C,-0.16743776202201843,0.001695470535196364,unconnected
GE,MCD,-0.28315070271492004,7.397606083259234e-08,unconnected
GE,PEP,-0.23130355775356293,1.2715772754745558e-05,unconnected
GE,TXN,-0.11004787683486938,0.03990490734577179,unconnected
GE,VZ,-0.11271513998508453,0.03530437499284744,upstream
GE,AMGN,-0.40133005380630493,6.144651438057605e-15,unconnected
GE,NEE,-0.2655039429664612,4.832689342038066e-07,unconnected
GE,T,0.07536162436008453,0.16007521748542786,unconnected
GE,BA,0.4213774502277374,1.8701947491871077e-16,bidirectional
GE,TJX,-0.16445951163768768,0.0020537462551146746,unconnected
GE,GILD,0.026322130113840103,0.6240924000740051,unconnected
GE,ABT,-0.08688491582870483,0.10514902323484421,unconnected
GE,SCHW,-0.03156837448477745,0.5566818118095398,unconnected
GE,DE,-0.3776475489139557,2.8377446876712287e-13,unconnected
GE,ETN,0.03146998584270477,0.5579138398170471,unconnected
GE,PFE,-0.310762882232666,2.988688851957022e-09,unconnected
GE,UNP,-0.30316346883773804,7.477784613740823e-09,unconnected
GE,WELL,-0.2172396034002304,4.262084257788956e-05,unconnected
GE,HON,-0.2306215614080429,1.3507919902622234e-05,unconnected
AMAT,MS,-0.05003872886300087,0.35132086277008057,unconnected
AMAT,UNH,0.018895311281085014,0.7250199317932129,unconnected
AMAT,MRK,-0.10499630123376846,0.05001022666692734,unconnected
AMAT,GS,-0.0866144523024559,0.10624052584171295,unconnected
AMAT,RTX,0.04174945503473282,0.43687236309051514,unconnected
AMAT,WFC,-0.10508917272090912,0.04980679228901863,unconnected
AMAT,PM,-0.047231029719114304,0.37903547286987305,unconnected
AMAT,IBM,-0.00638460973277688,0.905396044254303,upstream
AMAT,AXP,0.06143445149064064,0.25235193967819214,unconnected
AMAT,C,-0.10209520161151886,0.0567234605550766,unconnected
AMAT,MCD,0.04743923991918564,0.37693604826927185,unconnected
AMAT,PEP,-0.03254438564181328,0.5445423722267151,unconnected
AMAT,TXN,0.1079297661781311,0.04390998184680939,unconnected
AMAT,VZ,0.01579366624355316,0.7687501311302185,unconnected
AMAT,AMGN,-0.005897827446460724,0.9125781655311584,unconnected
AMAT,NEE,0.06767746806144714,0.2072257697582245,unconnected
AMAT,T,-0.04414485767483711,0.41099926829338074,unconnected
AMAT,BA,-0.10763730108737946,0.04448859393596649,unconnected
AMAT,TJX,-0.02213636040687561,0.6802604794502258,unconnected
AMAT,GILD,-0.030437160283327103,0.5709155797958374,unconnected
AMAT,ABT,0.07684441655874252,0.15198887884616852,unconnected
AMAT,SCHW,0.03383142128586769,0.5287357568740845,unconnected
AMAT,DE,-0.02956715039908886,0.5819777250289917,unconnected
AMAT,ETN,0.006425104103982449,0.9047982692718506,unconnected
AMAT,PFE,-0.014298399910330772,0.7901065945625305,unconnected
AMAT,UNP,-0.043023183941841125,0.422999769449234,unconnected
AMAT,WELL,0.019066819921135902,0.7226256728172302,unconnected
AMAT,HON,-0.06540574133396149,0.2229194939136505,unconnected
MS,UNH,0.029265286400914192,0.5858388543128967,unconnected
MS,MRK,-0.08872143924236298,0.09797098487615585,unconnected
MS,GS,0.8693824410438538,0.0,unconnected
MS,RTX,-0.06785401701927185,0.20604044198989868,unconnected
MS,WFC,0.5881713628768921,7.390076762585441e-34,unconnected
MS,PM,-0.18468637764453888,0.000524881761521101,unconnected
MS,IBM,-0.044987354427576065,0.40211963653564453,unconnected
MS,AXP,-0.05275736004114151,0.32573646306991577,unconnected
MS,C,0.8770546317100525,0.0,unconnected
MS,MCD,-0.21549612283706665,4.9252263124799356e-05,unconnected
MS,PEP,-0.04951869696378708,0.3563549816608429,unconnected
MS,TXN,-0.06476130336523056,0.22752176225185394,unconnected
MS,VZ,-0.08942180126905441,0.09533840417861938,unconnected
MS,AMGN,-0.1210666075348854,0.023702213540673256,unconnected
MS,NEE,0.16582359373569489,0.001881842385046184,unconnected
MS,T,-0.3750095069408417,4.2677141117927753e-13,unconnected
MS,BA,-0.28084585070610046,9.52420080579941e-08,unconnected
MS,TJX,0.025651440024375916,0.6329576373100281,unconnected
MS,GILD,-0.03759043291211128,0.48394328355789185,unconnected
MS,ABT,-0.11538206040859222,0.031163079664111137,unconnected
MS,SCHW,-0.11039798706769943,0.03927354887127876,unconnected
MS,DE,0.11996740102767944,0.025010736659169197,unconnected
MS,ETN,-0.16908398270606995,0.0015229573473334312,unconnected
MS,PFE,0.06383118778467178,0.23428206145763397,unconnected
MS,UNP,0.13920602202415466,0.009215782396495342,unconnected
MS,WELL,0.06801708042621613,0.20494993031024933,unconnected
MS,HON,-0.0941370502114296,0.07905114442110062,unconnected
UNH,MRK,0.04180131107568741,0.4363025426864624,unconnected
UNH,GS,0.006892359349876642,0.8979125022888184,unconnected
UNH,RTX,0.14080177247524261,0.008436250500380993,unconnected
UNH,WFC,-0.020996203646063805,0.6958877444267273,unconnected
UNH,PM,0.18777398765087128,0.0004207054153084755,unconnected
UNH,IBM,0.37922021746635437,2.2210082080767468e-13,unconnected
UNH,AXP,0.17720480263233185,0.0008843923569656909,unconnected
UNH,C,-0.06195894628763199,0.24831785261631012,unconnected
UNH,MCD,0.3779979646205902,2.6872438736030846e-13,unconnected
UNH,PEP,0.09299372136592865,0.08277716487646103,unconnected
UNH,TXN,0.06622559577226639,0.21716047823429108,unconnected
UNH,VZ,-0.21743857860565186,4.192017513560131e-05,unconnected
UNH,AMGN,0.5928430557250977,1.6863563896724802e-34,unconnected
UNH,NEE,-0.04060552269220352,0.44955047965049744,unconnected
UNH,T,-0.439534991979599,6.4289081049468475e-18,unconnected
UNH,BA,-0.6059680581092834,2.327866783726156e-36,unconnected
UNH,TJX,0.1049099713563919,0.05019992217421532,unconnected
UNH,GILD,-0.17769289016723633,0.0008553272928111255,unconnected
UNH,ABT,0.09474407136440277,0.07712884247303009,unconnected
UNH,SCHW,0.12677055597305298,0.017819933593273163,unconnected
UNH,DE,0.49578994512557983,4.7376941240107636e-23,unconnected
UNH,ETN,0.019966356456279755,0.7101152539253235,unconnected
UNH,PFE,0.7383323907852173,0.0,unconnected
UNH,UNP,0.6406410336494446,1.0282728131215508e-41,unconnected
UNH,WELL,0.06049913167953491,0.2596595287322998,unconnected
UNH,HON,0.5934240221977234,1.4009013618997114e-34,unconnected
MRK,GS,-0.042005039751529694,0.4340680241584778,unconnected
MRK,RTX,-0.0009472552337683737,0.9859321117401123,unconnected
MRK,WFC,-0.028506021946668625,0.5956030488014221,unconnected
MRK,PM,0.24057671427726746,5.489673640113324e-06,unconnected
MRK,IBM,-0.0050141578540205956,0.9256356954574585,unconnected
MRK,AXP,-0.04580549895763397,0.393606960773468,unconnected
MRK,C,-0.08327735960483551,0.12045509368181229,unconnected
MRK,MCD,-0.019408047199249268,0.717871904373169,unconnected
MRK,PEP,-0.032256584614515305,0.5481081008911133,unconnected
MRK,TXN,0.10894610732793808,0.04194784536957741,unconnected
MRK,VZ,-0.12632283568382263,0.01823042333126068,unconnected
MRK,AMGN,0.03599616512656212,0.5026862025260925,unconnected
MRK,NEE,0.008167185820639133,0.8791632056236267,unconnected
MRK,T,0.042683862149715424,0.42667078971862793,unconnected
MRK,BA,-0.07799071073532104,0.14595289528369904,unconnected
MRK,TJX,0.10848751664161682,0.04282383248209953,unconnected
MRK,GILD,-0.10157168656587601,0.05801120772957802,unconnected
MRK,ABT,0.20320874452590942,0.00013205719005782157,unconnected
MRK,SCHW,0.17334236204624176,0.0011486574076116085,unconnected
MRK,DE,-0.043466683477163315,0.41823095083236694,unconnected
MRK,ETN,0.07491908967494965,0.1625499725341797,unconnected
MRK,PFE,0.01333467848598957,0.8039574027061462,unconnected
MRK,UNP,0.029011854901909828,0.5890899300575256,unconnected
MRK,WELL,-0.16607961058616638,0.0018510798690840602,unconnected
MRK,HON,0.0017026144778355956,0.9747158288955688,unconnected
GS,RTX,-0.05406544730067253,0.3138677477836609,unconnected
GS,WFC,0.576374888420105,2.7767686246861437e-32,downstream
GS,PM,-0.1726321578025818,0.0012045182520523667,unconnected
GS,IBM,-0.07223130762577057,0.1782025545835495,downstream
GS,AXP,-0.04937582090497017,0.35774660110473633,unconnected
GS,C,0.792070746421814,0.0,unconnected
GS,MCD,-0.15231454372406006,0.0043455976992845535,unconnected
GS,PEP,-0.07282942533493042,0.17462581396102905,unconnected
GS,TXN,-0.09302998334169388,0.08265692740678787,unconnected
GS,VZ,-0.11892294138669968,0.02631150372326374,unconnected
GS,AMGN,-0.10688398033380508,0.04600868746638298,unconnected
GS,NEE,0.09764914959669113,0.06844773888587952,unconnected
GS,T,-0.29948481917381287,1.154809226022735e-08,unconnected
GS,BA,-0.2683989107608795,3.5842683132614184e-07,unconnected
GS,TJX,0.04172502085566521,0.4371410608291626,unconnected
GS,GILD,-0.025907330214977264,0.6295697689056396,unconnected
GS,ABT,-0.1164628267288208,0.02960711345076561,unconnected
GS,SCHW,-0.13754625618457794,0.010093869641423225,unconnected
GS,DE,0.05888472497463226,0.2726137042045593,downstream
GS,ETN,-0.164372980594635,0.002065122127532959,unconnected
GS,PFE,0.0289794709533453,0.5895065069198608,unconnected
GS,UNP,0.09540096670389175,0.0750916451215744,unconnected
GS,WELL,0.05273318663239479,0.3259587287902832,unconnected
GS,HON,-0.14647476375102997,0.006118596997112036,unconnected
RTX,WFC,-0.16232040524482727,0.0023523636627942324,unconnected
RTX,PM,0.16248579323291779,0.0023279248271137476,unconnected
RTX,IBM,0.13640320301055908,0.01074100099503994,unconnected
RTX,AXP,0.1739969104528427,0.001099287997931242,unconnected
RTX,C,-0.09178227186203003,0.08687832951545715,unconnected
RTX,MCD,0.14589348435401917,0.006326514761894941,unconnected
RTX,PEP,0.12707796692848206,0.017542695626616478,unconnected
RTX,TXN,-0.018180394545197487,0.735026478767395,unconnected
RTX,VZ,-0.03578066825866699,0.5052492022514343,unconnected
RTX,AMGN,0.207993745803833,9.0554662165232e-05,unconnected
RTX,NEE,0.03128078952431679,0.5602846145629883,unconnected
RTX,T,-0.019030258059501648,0.7231362462043762,unconnected
RTX,BA,-0.30219370126724243,8.390537153957212e-09,unconnected
RTX,TJX,0.027522990480065346,0.6083533763885498,unconnected
RTX,GILD,-0.007521484978497028,0.8886510729789734,unconnected
RTX,ABT,0.12321258336305618,0.02131701074540615,unconnected
RTX,SCHW,-0.026404179632663727,0.6230119466781616,unconnected
RTX,DE,0.1849031001329422,0.0005168522475287318,unconnected
RTX,ETN,0.12018350511789322,0.02474876493215561,unconnected
RTX,PFE,0.1323876678943634,0.013314797542989254,unconnected
RTX,UNP,0.11047545075416565,0.03913496807217598,unconnected
RTX,WELL,0.19006413221359253,0.00035622689756564796,unconnected
RTX,HON,0.13790948688983917,0.009895602241158485,unconnected
WFC,PM,-0.26766443252563477,3.86787007755629e-07,unconnected
WFC,IBM,-0.15296529233455658,0.004179975017905235,unconnected
WFC,AXP,-0.35317525267601013,1.0877861979230463e-11,unconnected
WFC,C,0.6450355648994446,1.922581493053649e-42,unconnected
WFC,MCD,-0.17455148696899414,0.0010589988669380546,unconnected
WFC,PEP,-0.19639445841312408,0.00022266825544647872,unconnected
WFC,TXN,-0.13653241097927094,0.010666048154234886,unconnected
WFC,VZ,-0.020118890330195427,0.7080023288726807,unconnected
WFC,AMGN,-0.21412624418735504,5.51332559552975e-05,unconnected
WFC,NEE,-0.10119257867336273,0.058958616107702255,unconnected
WFC,T,-0.296782523393631,1.58300430541658e-08,unconnected
WFC,BA,0.023607287555933,0.6603000164031982,unconnected
WFC,TJX,-0.03428021818399429,0.5232805013656616,unconnected
WFC,GILD,0.21371261775493622,5.703551141778007e-05,unconnected
WFC,ABT,-0.2293284833431244,1.5140225514187478e-05,unconnected
WFC,SCHW,-0.1364923119544983,0.01068930048495531,unconnected
WFC,DE,-0.03252451866865158,0.544788658618927,unconnected
WFC,ETN,-0.1467391401529312,0.006026063114404678,unconnected
WFC,PFE,0.0655483528971672,0.22191032767295837,unconnected
WFC,UNP,0.04432155564427376,0.4091275930404663,unconnected
WFC,WELL,-0.22922472655773163,1.527911808807403e-05,unconnected
WFC,HON,0.0013615281786769629,0.9797809720039368,unconnected
PM,IBM,0.10695701837539673,0.04585958272218704,unconnected
PM,AXP,0.1653980314731598,0.001934005762450397,unconnected
PM,C,-0.19814349710941315,0.00019504630472511053,unconnected
PM,MCD,0.09175578504800797,0.08697012811899185,unconnected
PM,PEP,0.10480233281850815,0.050437357276678085,unconnected
PM,TXN,0.33531370759010315,1.2864523335487377e-10,unconnected
PM,VZ,-0.07414225488901138,0.16696415841579437,unconnected
PM,AMGN,0.1875372678041458,0.0004279525310266763,unconnected
PM,NEE,0.10101300477981567,0.05941203981637955,unconnected
PM,T,0.03116532228887081,0.561733067035675,unconnected
PM,BA,-0.299371600151062,1.1702503854849056e-08,unconnected
PM,TJX,0.13656356930732727,0.010648070834577084,unconnected
PM,GILD,-0.23262444138526917,1.1305395673844032e-05,unconnected
PM,ABT,0.1296844482421875,0.015339639037847519,unconnected
PM,SCHW,0.07074883580207825,0.18730022013187408,unconnected
PM,DE,0.16171592473983765,0.0024436332751065493,unconnected
PM,ETN,0.06650141626596451,0.21524792909622192,unconnected
PM,PFE,0.13307584822177887,0.012838466092944145,unconnected
PM,UNP,0.17916108667850494,0.0007731237565167248,unconnected
PM,WELL,-0.02715114876627922,0.613209068775177,unconnected
PM,HON,0.17230236530303955,0.0012313061160966754,unconnected
IBM,AXP,0.3419030010700226,5.266641636691993e-11,bidirectional
IBM,C,-0.07858272641897202,0.14290814101696014,unconnected
IBM,MCD,0.21067965030670166,7.299480785150081e-05,downstream
IBM,PEP,0.057546693831682205,0.2836780250072479,unconnected
IBM,TXN,0.04330861568450928,0.419927179813385,unconnected
IBM,VZ,-0.088020920753479,0.10066153109073639,downstream
IBM,AMGN,0.31785550713539124,1.2399452575806436e-09,downstream
IBM,NEE,0.10644998401403427,0.046904172748327255,unconnected
IBM,T,-0.13292591273784637,0.012940964661538601,unconnected
IBM,BA,-0.4642186164855957,4.702202865463732e-20,unconnected
IBM,TJX,0.05084880441427231,0.3435676395893097,unconnected
IBM,GILD,-0.18278305232524872,0.0006005419418215752,unconnected
IBM,ABT,0.1279117465019226,0.0168096125125885,unconnected
IBM,SCHW,-0.010461349971592426,0.8455981016159058,unconnected
IBM,DE,0.2881172001361847,4.258182784155906e-08,unconnected
IBM,ETN,-0.04467933624982834,0.40535303950309753,bidirectional
IBM,PFE,0.28913429379463196,3.797746117584211e-08,downstream
IBM,UNP,0.3851625323295593,8.694312088851353e-14,unconnected
IBM,WELL,-0.020217137411236763,0.7066406607627869,unconnected
IBM,HON,0.1760975420475006,0.0009537512087263167,unconnected
AXP,C,-0.05162367224693298,0.33625471591949463,unconnected
AXP,MCD,0.20987002551555634,7.791815733071417e-05,downstream
AXP,PEP,0.05938701331615448,0.2685375511646271,downstream
AXP,TXN,-0.019681744277477264,0.7140660881996155,unconnected
AXP,VZ,-0.018941357731819153,0.7243757843971252,unconnected
AXP,AMGN,0.2545120120048523,1.4560405361407902e-06,unconnected
AXP,NEE,0.2459399402141571,3.3247554256377043e-06,unconnected
AXP,T,0.1297844648361206,0.015260165557265282,unconnected
AXP,BA,-0.3832920491695404,1.170418742393181e-13,unconnected
AXP,TJX,0.05645136535167694,0.29295873641967773,unconnected
AXP,GILD,0.0037674051709473133,0.9440917372703552,unconnected
AXP,ABT,0.012718251906335354,0.8128485679626465,unconnected
AXP,SCHW,0.00638299947604537,0.9054206609725952,unconnected
AXP,DE,0.2230941355228424,2.6002651793533005e-05,unconnected
AXP,ETN,-0.020097482949495316,0.7082979083061218,downstream
AXP,PFE,0.11187370866537094,0.03670428693294525,downstream
AXP,UNP,0.260449081659317,8.075335813373385e-07,unconnected
AXP,WELL,0.048332661390304565,0.36800527572631836,unconnected
AXP,HON,0.08801781386137009,0.10067357122898102,unconnected
C,MCD,-0.25972098112106323,8.687476906743541e-07,unconnected
C,PEP,-0.08855272084474564,0.09861361235380173,unconnected
C,TXN,-0.10139383375644684,0.05845413729548454,unconnected
C,VZ,-0.0934014692902565,0.08143259584903717,unconnected
C,AMGN,-0.24075822532176971,5.398347184382146e-06,unconnected
C,NEE,0.16928206384181976,0.0015033173840492964,unconnected
C,T,-0.32399341464042664,5.682882497914932e-10,unconnected
C,BA,-0.15102480351924896,0.004691452253609896,unconnected
C,TJX,0.015750322490930557,0.7693675756454468,unconnected
C,GILD,0.0029297671280801296,0.9565072655677795,unconnected
C,ABT,-0.158326655626297,0.003017954295501113,unconnected
C,SCHW,-0.13277022540569305,0.013048136606812477,unconnected
C,DE,0.06796445697546005,0.20530182123184204,unconnected
C,ETN,-0.19387011229991913,0.0002690343535505235,unconnected
C,PFE,-0.013458086177706718,0.8021790385246277,unconnected
C,UNP,0.12300368398427963,0.02153962291777134,unconnected
C,WELL,-0.01390280295163393,0.7957848310470581,unconnected
C,HON,-0.15080590546131134,0.004752547480165958,unconnected
MCD,PEP,0.1192082017660141,0.02595059759914875,upstream
MCD,TXN,-0.029478318989276886,0.5831125974655151,unconnected
MCD,VZ,-0.0067073507234454155,0.9006385207176208,unconnected
MCD,AMGN,0.4269246459007263,6.823498237989141e-17,unconnected
MCD,NEE,-0.07790946960449219,0.1463748812675476,unconnected
MCD,T,-0.04854993149638176,0.3658542335033417,unconnected
MCD,BA,-0.27340438961982727,2.1202060906944098e-07,unconnected
MCD,TJX,0.049473028630018234,0.3567991256713867,unconnected
MCD,GILD,0.07466449588537216,0.16398699581623077,unconnected
MCD,ABT,0.05837521329522133,0.2767917215824127,unconnected
MCD,SCHW,0.012651422061026096,0.8138129115104675,unconnected
MCD,DE,0.34330040216445923,4.346102297492216e-11,unconnected
MCD,ETN,-0.047166191041469574,0.3796910345554352,unconnected
MCD,PFE,0.31554344296455383,1.6560000037912914e-09,unconnected
MCD,UNP,0.20701782405376434,9.786664304556325e-05,unconnected
MCD,WELL,-0.004125715233385563,0.9387838244438171,unconnected
MCD,HON,0.34884539246559143,2.0086387414464113e-11,unconnected
PEP,TXN,-0.025948872789740562,0.6290194988250732,unconnected
PEP,VZ,-0.07858926057815552,0.1428752988576889,unconnected
PEP,AMGN,0.17543713748455048,0.0009974706918001175,unconnected
PEP,NEE,0.1285538375377655,0.01626354083418846,unconnected
PEP,T,-0.01867803931236267,0.7280552387237549,unconnected
PEP,BA,-0.18018393218517303,0.0007202408160082996,unconnected
PEP,TJX,0.021177100017666817,0.6934002637863159,unconnected
PEP,GILD,-0.058536600321531296,0.2754634618759155,unconnected
PEP,ABT,0.10921882838010788,0.041434045881032944,unconnected
PEP,SCHW,0.02831614576280117,0.5980567336082458,unconnected
PEP,DE,0.20999473333358765,7.713936065556481e-05,unconnected
PEP,ETN,-0.012002605944871902,0.823200523853302,unconnected
PEP,PFE,-0.04004514217376709,0.4558364152908325,unconnected
PEP,UNP,0.03081931173801422,0.5660877227783203,unconnected
PEP,WELL,0.17662326991558075,0.0009202200453728437,unconnected
PEP,HON,0.02154732495546341,0.6883173584938049,unconnected
TXN,VZ,-0.11453714966773987,0.032427746802568436,unconnected
TXN,AMGN,0.036080263555049896,0.5016886591911316,unconnected
TXN,NEE,0.03018118254840374,0.5741596221923828,unconnected
TXN,T,-0.11408145725727081,0.033127669245004654,unconnected
TXN,BA,-0.15871503949165344,0.002946429653093219,unconnected
TXN,TJX,0.0365026481449604,0.4966913163661957,unconnected
TXN,GILD,-0.21801115572452545,3.9964037569006905e-05,unconnected
TXN,ABT,0.042195312678813934,0.4319871962070465,unconnected
TXN,SCHW,0.1814388483762741,0.0006599319749511778,unconnected
TXN,DE,0.04580456390976906,0.39361557364463806,unconnected
TXN,ETN,0.05457562580704689,0.30931615829467773,unconnected
TXN,PFE,0.048622772097587585,0.3651346266269684,unconnected
TXN,UNP,0.10513442009687424,0.04970806837081909,unconnected
TXN,WELL,-0.03400721028447151,0.5265960097312927,unconnected
TXN,HON,0.012357445433735847,0.8180628418922424,unconnected
VZ,AMGN,-0.05303139612078667,0.32322603464126587,unconnected
VZ,NEE,-0.09860534220933914,0.06577140092849731,unconnected
VZ,T,0.602885365486145,6.479771268339554e-36,unconnected
VZ,BA,0.19220919907093048,0.0003042962052859366,unconnected
VZ,TJX,-0.029458973556756973,0.5833594799041748,unconnected
VZ,GILD,-0.0662321075797081,0.21711568534374237,unconnected
VZ,ABT,-0.119656503200531,0.025391986593604088,unconnected
VZ,SCHW,-0.08802453428506851,0.10064765065908432,unconnected
VZ,DE,-0.14956647157669067,0.005112278740853071,unconnected
VZ,ETN,-0.06905160844326019,0.19812937080860138,unconnected
VZ,PFE,-0.07749789208173752,0.148525670170784,unconnected
VZ,UNP,-0.25907406210899353,9.268583198718261e-07,unconnected
VZ,WELL,0.04919132590293884,0.3595471680164337,unconnected
VZ,HON,-0.055215299129486084,0.30367130041122437,unconnected
AMGN,NEE,0.055698152631521225,0.29945626854896545,unconnected
AMGN,T,-0.10835491120815277,0.04307989403605461,unconnected
AMGN,BA,-0.5159865021705627,3.8804119696818476e-25,unconnected
AMGN,TJX,0.1181752011179924,0.027278143912553787,unconnected
AMGN,GILD,-0.14067058265209198,0.008498075418174267,unconnected
AMGN,ABT,0.11072857677936554,0.03868500515818596,unconnected
AMGN,SCHW,0.03056073747575283,0.569351851940155,unconnected
AMGN,DE,0.49678701162338257,3.7650715419065e-23,unconnected
AMGN,ETN,-0.07624697685241699,0.155209019780159,unconnected
AMGN,PFE,0.5531596541404724,2.3081162973763e-29,unconnected
AMGN,UNP,0.35670605301856995,6.551210962602028e-12,unconnected
AMGN,WELL,0.07301834970712662,0.1735079288482666,unconnected
AMGN,HON,0.5040842294692993,6.844995772839748e-24,unconnected
NEE,T,-0.04139752686023712,0.44075050950050354,unconnected
NEE,BA,-0.282378613948822,8.053025624121801e-08,unconnected
NEE,TJX,0.06414195150136948,0.23200754821300507,unconnected
NEE,GILD,-0.08475157618522644,0.11400266736745834,unconnected
NEE,ABT,0.03934299945831299,0.4637812376022339,unconnected
NEE,SCHW,-0.10403262078762054,0.052162595093250275,unconnected
NEE,DE,0.14053355157375336,0.00856302585452795,unconnected
NEE,ETN,-0.0247905645519495,0.644415020942688,unconnected
NEE,PFE,-0.05414504185318947,0.3131544888019562,unconnected
NEE,UNP,0.08494094014167786,0.11319414526224136,unconnected
NEE,WELL,-0.06428192555904388,0.23098839819431305,unconnected
NEE,HON,-0.06223500147461891,0.24621210992336273,unconnected
T,BA,0.34160885214805603,5.483278067708319e-11,unconnected
T,TJX,-0.025854995474219322,0.6302621960639954,unconnected
T,GILD,-0.03915533795952797,0.4659172594547272,unconnected
T,ABT,-0.10198970884084702,0.05698101967573166,unconnected
T,SCHW,-0.12278684228658676,0.021772878244519234,unconnected
T,DE,-0.31488344073295593,1.797754611843061e-09,unconnected
T,ETN,-0.05069335922598839,0.3450468182563782,unconnected
T,PFE,-0.384358286857605,9.882132818214012e-14,unconnected
T,UNP,-0.5515463352203369,3.612125545975117e-29,unconnected
T,WELL,-0.0072838240303099155,0.8921482563018799,unconnected
T,HON,-0.2708008289337158,2.789682014281425e-07,unconnected
BA,TJX,-0.22308163344860077,2.6030505978269503e-05,unconnected
BA,GILD,0.2385677546262741,6.6044876803061925e-06,unconnected
BA,ABT,-0.13087446987628937,0.014417138881981373,unconnected
BA,SCHW,-0.023636862635612488,0.6599012613296509,unconnected
BA,DE,-0.5486447811126709,8.033812132954763e-29,unconnected
BA,ETN,-0.0504809245467186,0.3470747172832489,upstream
BA,PFE,-0.5321577787399292,6.527257767300223e-27,unconnected
BA,UNP,-0.5509541034698486,4.2549678594906573e-29,unconnected
BA,WELL,-0.1347341239452362,0.01175183430314064,unconnected
BA,HON,-0.39566296339035034,1.58138239102993e-14,upstream
TJX,GILD,-0.09791450202465057,0.06769630312919617,unconnected
TJX,ABT,0.008016068488359451,0.8813812732696533,unconnected
TJX,SCHW,-0.01871371828019619,0.7275568246841431,unconnected
TJX,DE,0.029152322560548782,0.5872874855995178,unconnected
TJX,ETN,-0.02992483600974083,0.5774168372154236,unconnected
TJX,PFE,0.14204850792884827,0.007868671789765358,unconnected
TJX,UNP,0.09433384239673615,0.07842366397380829,unconnected
TJX,WELL,0.09374918788671494,0.08029976487159729,unconnected
TJX,HON,0.10797442495822906,0.04382208362221718,unconnected
GILD,ABT,-0.04557857662439346,0.395956426858902,unconnected
GILD,SCHW,-0.03147519752383232,0.5578481554985046,unconnected
GILD,DE,-0.1461559534072876,0.006231847684830427,unconnected
GILD,ETN,-0.061292462050914764,0.253452867269516,unconnected
GILD,PFE,-0.19693000614643097,0.00021384361025411636,upstream
GILD,UNP,-0.2134513556957245,5.8268320572096854e-05,unconnected
GILD,WELL,-0.12324834614992142,0.021279092878103256,unconnected
GILD,HON,-0.029840178787708282,0.5784943699836731,unconnected
ABT,SCHW,0.10428524017333984,0.05159108340740204,unconnected
ABT,DE,0.03585582599043846,0.5043553113937378,unconnected
ABT,ETN,0.048039767891168594,0.3709183931350708,unconnected
ABT,PFE,0.09750168770551682,0.0688682571053505,downstream
ABT,UNP,-0.013680025935173035,0.798987090587616,unconnected
ABT,WELL,0.03776676207780838,0.4818924367427826,unconnected
ABT,HON,0.03553052991628647,0.5082318186759949,unconnected
SCHW,DE,-0.014589696191251278,0.7859341502189636,unconnected
SCHW,ETN,0.06700698286294937,0.2117726355791092,unconnected
SCHW,PFE,0.028245320543646812,0.5989728569984436,unconnected
SCHW,UNP,0.10450129210948944,0.051106519997119904,unconnected
SCHW,WELL,-0.13264605402946472,0.013134121894836426,unconnected
SCHW,HON,0.1060962826013565,0.04764464870095253,unconnected
DE,ETN,-0.08191578090190887,0.12666405737400055,unconnected
DE,PFE,0.41507863998413086,5.746301160326327e-16,unconnected
DE,UNP,0.5085024833679199,2.389778973365833e-24,unconnected
DE,WELL,-0.012669241987168789,0.8135563135147095,unconnected
DE,HON,0.41028279066085815,1.3297053548847436e-15,unconnected
ETN,PFE,-0.003193714190274477,0.9525936841964722,unconnected
ETN,UNP,-0.030876947566866875,0.5653606057167053,unconnected
ETN,WELL,-0.019333889707922935,0.7189041376113892,unconnected
ETN,HON,0.01620282605290413,0.7629361748695374,unconnected
PFE,UNP,0.5642948746681213,9.807281964673117e-31,unconnected
PFE,WELL,0.026632091030478477,0.6200135350227356,unconnected
PFE,HON,0.5485642552375793,8.21325162772643e-29,unconnected
UNP,WELL,0.03609981760382652,0.5014567375183105,unconnected
UNP,HON,0.5302680730819702,1.0641301432751929e-26,unconnected
WELL,HON,-0.07273554801940918,0.17518393695354462,unconnected
